"CASE_ID","ACCIDENT_YEAR","PROC_DATE","JURIS","COLLISION_DATE","COLLISION_TIME","OFFICER_ID","REPORTING_DISTRICT","DAY_OF_WEEK","CHP_SHIFT","POPULATION","CNTY_CITY_LOC","SPECIAL_COND","BEAT_TYPE","CHP_BEAT_TYPE","CITY_DIVISION_LAPD","CHP_BEAT_CLASS","BEAT_NUMBER","PRIMARY_RD","SECONDARY_RD","DISTANCE","DIRECTION","INTERSECTION","WEATHER_1","WEATHER_2","STATE_HWY_IND","CALTRANS_COUNTY","CALTRANS_DISTRICT","STATE_ROUTE","ROUTE_SUFFIX","POSTMILE_PREFIX","POSTMILE","LOCATION_TYPE","RAMP_INTERSECTION","SIDE_OF_HWY","TOW_AWAY","COLLISION_SEVERITY","NUMBER_KILLED","NUMBER_INJURED","PARTY_COUNT","PRIMARY_COLL_FACTOR","PCF_CODE_OF_VIOL","PCF_VIOL_CATEGORY","PCF_VIOLATION","PCF_VIOL_SUBSECTION","HIT_AND_RUN","TYPE_OF_COLLISION","MVIW","PED_ACTION","ROAD_SURFACE","ROAD_COND_1","ROAD_COND_2","LIGHTING","CONTROL_DEVICE","CHP_ROAD_TYPE","PEDESTRIAN_ACCIDENT","BICYCLE_ACCIDENT","MOTORCYCLE_ACCIDENT","TRUCK_ACCIDENT","NOT_PRIVATE_PROPERTY","ALCOHOL_INVOLVED","STWD_VEHTYPE_AT_FAULT","CHP_VEHTYPE_AT_FAULT","COUNT_SEVERE_INJ","COUNT_VISIBLE_INJ","COUNT_COMPLAINT_PAIN","COUNT_PED_KILLED","COUNT_PED_INJURED","COUNT_BICYCLIST_KILLED","COUNT_BICYCLIST_INJURED","COUNT_MC_KILLED","COUNT_MC_INJURED","PRIMARY_RAMP","SECONDARY_RAMP","COUNTY","CITY","POINT_X","POINT_Y"
"3543845",2007,2008-07-02,"0710",2007-12-06,"2038","0710",,4,5,5,"0710",0,0,"0",,0,,"ROBERT MILLER DR","BIRMINGHAM DR",0,,"-","C","-","N",,,,,,,,,,"Y",4,0,1,2,"A","-","08",22100,"B","N","D","C","A","B","H","-","C","A",0,,,,,"Y",,"A",,0,0,1,0,0,0,0,0,0,"-","-","CONTRA COSTA","RICHMOND",-122.33765,37.97604
"3545452",2007,2008-06-02,"0710",2007-11-21,"1620","1327",,3,5,5,"0710",0,0,"0",,0,"004","BARRETT","22ND ST",0,,"Y","A","-","N",,,,,,,,,,"N",4,0,1,2,"A","-","-",,,"N","H","G","A","A","H","-","A","A",0,,"Y",,,"Y",,"L",,0,0,1,0,0,0,1,0,0,"-","-","CONTRA COSTA","RICHMOND",-122.34857,37.93847
"3547769",2007,2008-07-10,"0710",2007-12-08,"1726","1405","CENTR",6,5,5,"0710",0,0,"0",,0,"006","MACDONALD AV","1ST ST",0,,"Y","A","-","N",,,,,,,,,,"Y",4,0,1,2,"A","-","05",21650,,"N","A","C","A","A","H","-","C","A",0,,,,,"Y",,"-","-",0,0,1,0,0,0,0,0,0,"-","-","CONTRA COSTA","RICHMOND",-122.36871,37.93573
"3547793",2007,2008-07-10,"0710",2007-12-31,"1954","1281",,1,5,5,"0710",0,0,"0",,0,,"HILLTOP DR","HILLVIEW DR",24,"N","N","A","-","N",,,,,,,,,,"Y",3,0,2,3,"A","-","05",21651,"A","F","E","I","A","A","H","-","C","A",0,,,,,"Y","Y","-","-",0,2,0,0,0,0,0,0,0,"-","-","CONTRA COSTA","RICHMOND",-122.33375,37.98268
"3550004",2007,2008-04-02,"0710",2007-09-07,"2041","1425",,5,5,5,"0710",0,0,"0",,0,"004","12TH ST","ROOSEVELT AV",30,"S","-","-","-","N",,,,,,,,,,"Y",4,0,1,3,"A","-","12",22450,,"F","D","D","A","-","-","-","-","A",0,,,,,"Y",,"-","-",0,0,1,0,0,0,0,0,0,"-","-","CONTRA COSTA","RICHMOND",-122.3581,37.93988
"3564693",2007,2008-06-20,"9370",2007-12-21,"2129","18568",,5,2,5,"0710",0,1,"1",,2,"058","RT 580","BAYVIEW AV",5,"W","N","A","-","Y","CC",4,580,"-","-",1.21,"R","2","E","Y",3,0,1,1,"A","-","01",23152,"A","N","F","A","A","A","H","-","D","D",1,,,,,"Y","Y","A","01",0,1,0,0,0,0,0,0,0,"-","-","CONTRA COSTA","RICHMOND",-122.32324,37.91111
"3544748",2008,2008-10-02,"9370",2008-01-31,"0625","018277",,4,1,5,"0710",0,1,"1",,2,"058","RT 580","CANAL RD",1584,"E","N","A","-","Y","CC",4,580,"-","R",4.34,"H","-","W","Y",4,0,1,4,"A","-","03",22350,,"N","C","C","A","A","H","-","C","D",1,,,,"Y","Y",,"A","01",0,0,1,0,0,0,0,0,0,"-","-","CONTRA COSTA","RICHMOND",-122.37128,37.92729
"3557993",2008,2008-02-27,"0710",2008-01-27,"1544","1119",,7,5,5,"0710",0,0,"0",,0,,"BARRETT AV","24TH ST",8,"E","N","C","-","N",,,,,,,,,,"Y",1,1,0,2,"A","-","09",21802,"A","N","G","G","A","B","H","-","A","A",0,,"Y",,,"Y","Y","L","04",0,0,0,0,0,1,0,0,0,"-","-","CONTRA COSTA","RICHMOND",-122.34576,37.93823
"3579122",2008,2008-10-02,"9370",2008-01-25,"1142","018782",,5,1,5,"0710",0,1,"1",,2,"058","RT 580","SOUTH 23RD ST",528,"W","N","B","C","Y","CC",4,580,"-","R",3.08,"H","-","E","Y",4,0,1,1,"A","-","03",22350,,"N","E","I","A","B","H","-","A","D",1,,,,,"Y",,"A","01",0,0,1,0,0,0,0,0,0,"-","-","CONTRA COSTA","RICHMOND",-122.35224,37.92165
"3579166",2008,2008-07-28,"9370",2008-01-02,"1645","18192",,3,2,5,"0710",0,1,"1",,2,"057","RT 580","BAYVIEW AV",20,"E","N","A","-","Y","CC",4,580,"-","-",1,"R","1","W","N",4,0,3,2,"A","-","03",22350,,"N","C","C","A","A","H","-","A","A",1,,,,,"Y",,"A","01",0,0,3,0,0,0,0,0,0,"-","-","CONTRA COSTA","RICHMOND",-122.32104,37.90875
"3583768",2008,2008-07-31,"0710",2008-01-11,"1350","1377",,5,5,5,"0710",0,0,"0",,0,"002","CUTTING BL","S 22ND ST",0,,"Y","B","-","N",,,,,,,,,,"N",4,0,1,2,"A","-","09",21802,"A","N","D","C","A","A","H","-","A","A",0,,,,,"Y",,"-","-",0,0,1,0,0,0,0,0,0,"-","-","CONTRA COSTA","RICHMOND",-122.34861,37.92521
"3583780",2008,2008-07-31,"0710",2008-01-07,"0834","1431","NORTH",1,5,5,"0710",0,0,"0",,0,"007","MARICOPA AV","28TH ST",0,,"Y","A","-","N",,,,,,,,,,"N",3,0,2,3,"A","-","-",,,"N","B","B","D","B","H","-","A","D",0,"Y",,,,"Y",,"A",,0,1,1,0,2,0,0,0,0,"-","-","CONTRA COSTA","RICHMOND",-122.34101,37.9506
"3583784",2008,2008-07-30,"0710",2008-01-07,"0825","1039","SOUTH",1,5,5,"0710",0,0,"0",,0,"002","CUTTING BL","SOUTH 20TH",0,,"Y","A","-","N",,,,,,,,,,"N",4,0,1,2,"A","-","-",,,"N","G","B","B","B","H","-","A","A",0,"Y",,,,"Y",,"N","60",0,0,1,0,1,0,0,0,0,"-","-","CONTRA COSTA","RICHMOND",-122.35041,37.92521
"3583792",2008,2008-07-30,"0710",2008-01-03,"1807","1281",,4,5,5,"0710",0,0,"0",,0,,"CUTTING BL","20TH ST",6,"W","N","C","-","N",,,,,,,,,,"N",3,0,1,2,"A","-","10",21950,"A","N","G","B","B","B","H","-","C","A",0,"Y",,,,"Y",,"-","-",0,1,0,0,1,0,0,0,0,"-","-","CONTRA COSTA","RICHMOND",-122.35043,37.92521
"3583824",2008,2008-07-30,"0710",2008-01-18,"1608","1119",,5,5,5,"0710",0,0,"0",,0,,"1ST ST","NEVIN AV",166,"N","N","A","-","N",,,,,,,,,,"N",4,0,1,2,"A","-","05",21650,,"N","B","C","A","A","H","-","A","D",0,,,,,"Y",,"A","08",0,0,1,0,0,0,0,0,0,"-","-","CONTRA COSTA","RICHMOND",-122.36872,37.9373
"3583839",2008,2008-07-30,"0710",2008-01-03,"1555","1119",,4,5,5,"0710",0,0,"0",,0,,"39TH ST","MACDONALD AV",6,"N","N","A","-","N",,,,,,,,,,"N",4,0,1,2,"A","-","05",21650,"1","N","G","G","A","B","H","-","A","A",0,,"Y",,,"Y",,"L","04",0,0,1,0,0,0,1,0,0,"-","-","CONTRA COSTA","RICHMOND",-122.33253,37.93362
"3583857",2008,2008-07-31,"0710",2008-01-14,"1604","1119",,1,5,5,"0710",0,0,"0",,0,,"BAYVIEW AV","S 54TH ST",315,"W","N","A","-","N",,,,,,,,,,"N",4,0,2,2,"A","-","21",22106,,"N","D","C","A","A","H","-","A","D",0,,,,,"Y",,"D","22",0,0,2,0,0,0,0,0,0,"-","-","CONTRA COSTA","RICHMOND",-122.31971,37.91563
"3584051",2008,2008-07-25,"0710",2008-01-03,"1309","1119",,4,5,5,"0710",0,0,"0",,0,"008","RICHMOND PKY","BLUME DR",80,"E","N","C","-","N",,,,,,,,,,"N",4,0,2,3,"A","-","03",22350,,"M","C","C","A","B","H","-","A","A",0,,,,,"Y","Y","A","01",0,0,2,0,0,0,0,0,0,"-","-","CONTRA COSTA","RICHMOND",-122.31691,37.98681
"3593749",2008,2008-09-24,"9370",2008-02-17,"1903","018316",,7,2,5,"0710",0,1,"1",,2,"083","RT 80","RICHMOND PKY",965,"W","N","A","-","Y","CC",4,80,"-","-",6.73,"R","2","E","Y",2,0,1,2,"A","-","08",22107,,"N","B","C","A","A","H","-","C","D",6,,,,"Y","Y",,"A","01",1,0,0,0,0,0,0,0,0,"-","-","CONTRA COSTA","RICHMOND",-122.31335,37.98815
"3594473",2008,2008-08-29,"0710",2008-02-07,"0948","1324",,4,5,5,"0710",0,0,"0",,0,"008","RICHMOND PKY","GOODRICK AV",0,,"Y","A","-","N",,,,,,,,,,"Y",4,0,1,2,"A","-","05",21650,,"N","C","C","A","A","H","-","A","A",0,,,,"Y","Y",,"A","01",0,0,1,0,0,0,0,0,0,"-","-","CONTRA COSTA","RICHMOND",-122.36529,37.97422
"3607868",2008,2008-09-30,"9370",2008-01-07,"1545","018128",,1,2,5,"0710",0,1,"1",,2,"082","RT 80","CARLSON BL",1320,"W","N","A","-","Y","CC",4,80,"-","-",0.75,"H","-","E","N",4,0,1,2,"A","-","03",22350,,"N","C","C","A","A","H","-","A","D",6,,,,,"Y",,"A","01",0,0,1,0,0,0,0,0,0,"-","-","CONTRA COSTA","RICHMOND",-122.3147,37.90673
"3607888",2008,2008-09-17,"9370",2008-01-07,"1025","18318",,1,1,5,"0710",0,1,"1",,2,"082","RT 80","CARLSON BL",528,"W","N","A","-","Y","CC",4,80,"-","-",0.9,"H","-","E","Y",4,0,1,2,"A","-","21",22106,,"N","C","C","A","A","H","-","A","D",6,,,,,"Y",,"A","08",0,0,1,0,0,0,0,0,0,"-","-","CONTRA COSTA","RICHMOND",-122.31654,37.90943
"3607913",2008,2008-09-17,"9370",2008-01-30,"1840","018128",,3,2,5,"0710",0,1,"1",,2,"082","RT 80","MACDONALD AV",100,"W","N","A","-","Y","CC",4,80,"-","-",2.6,"H","-","E","N",4,0,1,3,"A","-","03",22350,,"N","C","C","A","A","H","-","C","D",6,,,,,"Y",,"A","07",0,0,1,0,0,0,0,0,0,"-","-","CONTRA COSTA","RICHMOND",-122.32466,37.93094
"3607947",2008,2008-09-25,"9370",2008-01-03,"1305","15258",,4,1,5,"0710",0,1,"1",,2,"082","RT 80","SAN PABLO DAM RD",300,"W","N","C","-","Y","CC",4,80,"-","-",4.16,"H","-","E","Y",4,0,2,2,"A","-","07",21658,"A","N","C","C","A","B","H","-","A","D",6,,,,,"Y",,"A","01",0,0,2,0,0,0,0,0,0,"-","-","CONTRA COSTA","RICHMOND",-122.32777,37.95236
"3607967",2008,2008-10-06,"9370",2008-01-02,"2240","18640",,3,3,5,"0710",0,1,"1",,2,"082","RT 80","PORTER AV",528,"W","N","B","-","Y","CC",4,80,"-","-",1.57,"H","-","W","Y",4,0,3,2,"A","-","03",22350,,"N","A","C","A","A","H","-","D","D",6,,,,,"Y",,"A","01",0,0,3,0,0,0,0,0,0,"-","-","CONTRA COSTA","RICHMOND",-122.31755,37.91739
"3608412",2008,2008-11-06,"9370",2008-02-01,"0906","015141",,5,1,5,"0710",0,1,"1",,2,"082","RT 80","MC DONALD AV",550,"W","N","A","-","Y","CC",4,80,"-","-",2.52,"H","-","E","Y",4,0,1,2,"A","-","03",22350,,"N","C","C","A","A","H","-","A","D",6,,,,,"Y",,"A","01",0,0,1,0,0,0,0,0,0,"-","-","CONTRA COSTA","RICHMOND",-122.32412,37.93019
"3618794",2008,2008-10-15,"9370",2008-02-07,"2055","018086",,4,2,5,"0710",0,1,"1",,2,"082","RT 80","CARLSON BL",1584,"W","N","A","-","Y","CC",4,80,"-","-",0.7,"H","-","E","Y",4,0,1,2,"A","-","08",22107,,"N","B","C","A","A","H","-","C","D",6,,,,,"Y",,"A","08",0,0,1,0,0,0,0,0,0,"-","-","CONTRA COSTA","RICHMOND",-122.3144,37.9063
"3619356",2008,2008-09-03,"9370",2008-01-18,"1620","018812",,5,2,5,"0710",0,1,"1",,2,"082","RT 80","SACRAMENTO AV",375,"E","N","A","-","Y","CC",4,80,"-","-",0.57,"H","-","E","N",4,0,1,2,"A","-","03",22350,,"N","C","C","A","A","H","-","B","D",6,,,,,"Y",,"A","01",0,0,1,0,0,0,0,0,0,"-","-","CONTRA COSTA","RICHMOND",-122.31359,37.90519
"3619441",2008,2008-07-21,"0710",2008-02-09,"0102",,,6,5,5,"0710",0,0,"0",,0,,"MARTIN DR","ELLISON LN",69,"N","N","A","-","N",,,,,,,,,,"Y",4,0,1,2,"A","-","13",22515,"A","N","C","C","A","A","H","-","C","D",0,,,,,"Y","Y","A","01",0,0,1,0,0,0,0,0,0,"-","-","CONTRA COSTA","RICHMOND",,
"3622241",2008,2008-07-19,"0710",2008-01-22,"0953","1119",,2,5,5,"0710",0,0,"0",,0,,"37TH ST","MACDONALD AV",0,,"Y","C","-","N",,,,,,,,,,"Y",4,0,1,3,"A","-","09",21801,"A","N","D","C","A","B","H","-","A","A",0,,,,,"Y",,"A","01",0,0,1,0,0,0,0,0,0,"-","-","CONTRA COSTA","RICHMOND",-122.33427,37.93386
"3622245",2008,2008-07-19,"0710",2008-01-24,"1315","1281",,4,5,5,"0710",0,0,"0",,0,,"29TH ST","LINCOLN AV",0,,"Y","C","-","N",,,,,,,,,,"Y",4,0,1,2,"A","-","09",21802,"A","N","D","C","A","B","H","-","A","D",0,,,,,"Y",,"-","-",0,0,1,0,0,0,0,0,0,"-","-","CONTRA COSTA","RICHMOND",-122.33884,37.94638
"3622249",2008,2008-07-19,"0710",2008-01-05,"2041","348",,6,5,5,"0710",0,0,"0",,0,"008","SAN PABLO AV","RIVERS AV",766,"N","N","C","-","N",,,,,,,,,,"Y",2,0,2,1,"A","-","01",23153,"A","N","F","I","A","B","H","-","C","A",0,,,,,"Y","Y","-","-",1,1,0,0,0,0,0,0,0,"-","-","CONTRA COSTA","RICHMOND",-122.34282,37.97415
"3622257",2008,2008-07-19,"0710",2008-01-09,"1522","1242",,3,5,5,"0710",0,0,"0",,0,,"TEWKSBURY AV","EDDY ST",0,,"N","B","-","N",,,,,,,,,,"Y",4,0,1,2,"A","-","09",21804,"A","N","D","E","A","A","H","-","A","D",0,,,,,"Y",,"A","01",0,0,1,0,0,0,0,0,0,"-","-","CONTRA COSTA","RICHMOND",-122.38824,37.92897
"3622265",2008,2008-07-19,"0710",2008-01-26,"1252","1119",,6,5,5,"0710",0,0,"0",,0,,"HILLTOP MALL RD","KLOSE WY",0,,"Y","B","-","N",,,,,,,,,,"Y",4,0,1,2,"A","-","09",21801,"A","N","D","C","A","A","H","-","A","D",0,,,,,"Y",,"A","01",0,0,1,0,0,0,0,0,0,"-","-","CONTRA COSTA","RICHMOND",-122.32457,37.98183
"3622269",2008,2008-07-19,"0710",2008-01-22,"1150","1119",,2,5,5,"0710",0,0,"0",,0,,"MACDONALD AV","15TH ST",162,"W","N","B","-","N",,,,,,,,,,"Y",4,0,1,2,"A","-","04",21703,,"N","C","C","A","B","H","-","A","A",0,,,,,"Y",,"D","22",0,0,1,0,0,0,0,0,0,"-","-","CONTRA COSTA","RICHMOND",-122.35581,37.93567
"3622273",2008,2008-10-01,"0710",2008-01-24,"0121","1407",,4,5,5,"0710",0,0,"0",,0,"007","SWAN WY","SAN PABLO AV",33,"S","N","C","-","N",,,,,,,,,,"Y",4,0,1,1,"A","-","03",22350,,"F","B","I","A","B","H","-","C","A",0,,,,,"Y",,"A",,0,0,1,0,0,0,0,0,0,"-","-","CONTRA COSTA","RICHMOND",,
"3622281",2008,2008-07-19,"0710",2008-01-19,"1120","1119",,6,5,5,"0710",0,0,"0",,0,,"SAN PABLO AV","MCBRYDE AV",300,"S","N","A","-","N",,,,,,,,,,"Y",4,0,1,3,"A","-","09",21804,"A","N","D","C","A","A","H","-","A","D",0,,,,,"Y",,"A","01",0,0,1,0,0,0,0,0,0,"-","-","CONTRA COSTA","RICHMOND",-122.33041,37.94648
"3622285",2008,2008-07-19,"0710",2008-01-17,"1748","1119",,4,5,5,"0710",0,0,"0",,0,,"ROBERT H  MILLER","HILLTOP DR",0,,"Y","A","-","N",,,,,,,,,,"Y",4,0,1,2,"A","-","09",21801,"A","N","D","C","A","A","H","-","C","A",0,,,,,"Y",,"A","01",0,0,1,0,0,0,0,0,0,"-","-","CONTRA COSTA","RICHMOND",-122.33315,37.97837
"3622289",2008,2008-07-19,"0710",2008-01-29,"1723","1281",,2,5,5,"0710",0,0,"0",,0,,"SAN JOAQUIN AV","SACRAMENTO AV",50,"S","N","B","-","N",,,,,,,,,,"Y",3,0,1,2,"A","-","01",23152,"A","N","C","C","A","B","H","-","B","A",0,,,,,"Y","Y","-","-",0,1,0,0,0,0,0,0,0,"-","-","CONTRA COSTA","RICHMOND",-122.31338,37.90396
"3622313",2008,2008-07-19,"0710",2008-01-20,"1512","267",,7,5,5,"0710",0,0,"0",,0,"008","HILLTOP MALL RD","ROBERT H MILLER",0,,"Y","A","-","N",,,,,,,,,,"Y",4,0,3,2,"A","-","09",21803,"A","N","D","C","A","A","H","-","A","D",0,,,,,"Y",,"-","-",0,0,3,0,0,0,0,0,0,"-","-","CONTRA COSTA","RICHMOND",-122.33195,37.97919
"3622356",2008,2008-07-19,"0710",2008-01-25,"1945","1445",,5,5,5,"0710",0,0,"0",,0,"008","RICHMOND PKY","HILLTOP DR",0,,"Y","C","-","N",,,,,,,,,,"Y",3,0,4,2,"A","-","09",21453,"C","N","A","C","A","B","H","-","C","A",0,,,,,"Y",,"-","-",0,1,3,0,0,0,0,0,0,"-","-","CONTRA COSTA","RICHMOND",,
"3622400",2008,2008-07-19,"0710",2008-01-24,"2027","1281",,4,5,5,"0710",0,0,"0",,0,,"RHEEM AV","17TH ST",0,,"Y","B","-","N",,,,,,,,,,"Y",3,0,1,3,"A","-","09",21802,"A","F","D","C","A","A","H","-","C","A",0,,,,,"Y",,"-","-",0,1,0,0,0,0,0,0,0,"-","-","CONTRA COSTA","RICHMOND",-122.35383,37.94957
"3622525",2008,2008-09-05,"0710",2008-02-10,"1721","1281",,7,5,5,"0710",0,0,"0",,0,,"23RD ST","RHEEM AV",42,"N","N","A","-","N",,,,,,,,,,"Y",4,0,1,2,"A","-","03",22350,,"N","C","C","A","A","H","-","B","D",0,,,,,"Y",,"-","-",0,0,1,0,0,0,0,0,0,"-","-","CONTRA COSTA","RICHMOND",-122.34744,37.94989
"3622529",2008,2008-09-05,"0710",2008-02-06,"2240","1281",,3,5,5,"0710",0,0,"0",,0,,"29TH ST","HOWARD ST",43,"S","N","A","-","N",,,,,,,,,,"Y",3,0,2,3,"A","-","05",21650,,"N","A","E","A","A","H","-","C","D",0,,,,,"Y",,"-","-",0,1,1,0,0,0,0,0,0,"-","-","CONTRA COSTA","RICHMOND",-122.33883,37.95272
"3623241",2008,2008-11-12,"9370",2008-03-06,"1925","018816",,4,2,5,"0710",0,1,"1",,2,"083","RT 80","HILLTOP DR",1000,"E","N","A","-","Y","CC",4,80,"-","-",6.17,"H","-","W","Y",3,0,2,3,"A","-","07",21658,"A","F","B","C","A","A","H","-","D","D",6,,,,"Y","Y",,"D","22",0,2,0,0,0,0,0,0,0,"-","-","CONTRA COSTA","RICHMOND",-122.31721,37.98013
"3631042",2008,2008-10-02,"9350",2008-02-05,"1920","17702",,2,2,5,"0710",0,1,"1",,2,"115","RT 580","RICHMOND BR TP",1500,"W","N","A","-","Y","CC",4,580,"-","-",6.41,"H","-","E","Y",4,0,3,2,"A","-","07",21658,"A","N","B","C","A","A","H","-","C","D",1,,,,,"Y",,"A","01",0,0,3,0,0,0,0,0,0,"-","-","CONTRA COSTA","RICHMOND",-122.40767,37.93251
"3631900",2008,2008-09-18,"0710",2008-03-04,"1236","1242",,2,5,5,"0710",0,0,"0",,0,,"VALLEY VIEW RD","DE ANZA HIGH",74,"S","N","A","-","N",,,,,,,,,,"Y",4,0,1,6,"C","-","18",,,"N","E","E","A","A","H","-","A","D",0,,,,,"Y",,"-","-",0,0,1,0,0,0,0,0,0,"-","-","CONTRA COSTA","RICHMOND",,
"3633528",2008,2008-09-18,"0710",2008-03-09,"2111","1454",,7,5,5,"0710",0,0,"0",,0,"008","MEADOW VIEW DR","CITY LIGHT POST 13963",75,"S","-","A","-","N",,,,,,,,,,"Y",3,0,1,2,"A","-","-",,,"N","C","E","A","A","H","-","C","D",0,,,,,"Y",,"-","-",0,1,0,0,0,0,0,0,0,"-","-","CONTRA COSTA","RICHMOND",,
"3633629",2008,2008-09-15,"0710",2008-02-24,"2151","1380",,7,5,5,"0710",0,0,"0",,0,,"CENTRAL AV","PIERCE ST",9,"W","N","B","-","N",,,,,,,,,,"N",2,0,1,2,"A","-","10",21950,"A","N","G","B","B","B","H","-","C","A",0,"Y",,,,"Y",,"-","-",1,0,0,0,1,0,0,0,0,"-","-","CONTRA COSTA","RICHMOND",-122.30993,37.90108
"3633633",2008,2008-09-15,"0710",2008-02-28,"1104","1324","SOUTH",4,5,5,"0710",0,0,"0",,0,"001","SOUTH 23RD","CUTTING BL",0,,"Y","A","-","N",,,,,,,,,,"N",4,0,1,2,"A","-","04",21703,,"N","C","C","A","A","A","B","A","A",0,,,,,"Y",,"D","22",0,0,1,0,0,0,0,0,0,"-","-","CONTRA COSTA","RICHMOND",-122.34771,37.92522
"3633950",2008,2008-10-27,"0710",2008-03-05,"0750","1242",,3,5,5,"0710",0,0,"0",,0,,"SOLANO AV","RT 80",85,"W","N","A","-","N",,,,,,,,,,"Y",4,0,2,3,"A","-","09",21804,"A","N","D","C","A","A","H","-","A","D",0,,,,,"Y",,"A","07",0,0,2,0,0,0,0,0,0,"-","WO","CONTRA COSTA","RICHMOND",-122.32417,37.94332
"3633974",2008,2008-09-24,"0710",2008-03-05,"0832","1119",,3,5,5,"0710",0,0,"0",,0,,"WENK AV","SAN PABLO AV",255,"W","N","A","-","N",,,,,,,,,,"N",4,0,1,2,"A","-","09",21804,"A","N","D","C","A","A","H","-","A","D",0,,,,,"Y",,"A","01",0,0,1,0,0,0,0,0,0,"-","-","CONTRA COSTA","RICHMOND",-122.31239,37.91514
"3634016",2008,2008-09-12,"0710",2008-02-16,"1450","1477",,6,5,5,"0710",0,0,"0",,0,"005","PENNSYLVANIA AV","7TH ST",18,"E","-","A","-","N",,,,,,,,,,"N",4,0,1,2,"A","-","10",21950,"A","N","G","B","B","A","H","-","A","A",0,"Y",,,,"Y",,"-","-",0,0,1,0,1,0,0,0,0,"-","-","CONTRA COSTA","RICHMOND",-122.36256,37.9426
"3634020",2008,2008-09-12,"0710",2008-02-05,"1028","1242",,2,5,5,"0710",0,0,"0",,0,,"13TH ST","HELLINGS AV",32,"N","N","A","-","N",,,,,,,,,,"Y",4,0,3,2,"A","-","05",21650,,"N","D","C","A","A","H","-","A","A",0,,,,,"Y",,"A","01",0,0,3,0,0,0,0,0,0,"-","-","CONTRA COSTA","RICHMOND",-122.35731,37.94821
"3634024",2008,2008-09-23,"0710",2008-02-18,"2240","1296",,1,5,5,"0710",0,0,"0",,0,,"BARRETT AV","22ND ST",0,,"Y","B","-","N",,,,,,,,,,"Y",4,0,2,2,"A","-","09",21801,"A","N","D","C","A","A","H","-","C","A",0,,,,,"Y",,"J","48",0,0,2,0,0,0,0,0,0,"-","-","CONTRA COSTA","RICHMOND",-122.34857,37.93847
"3634033",2008,2008-07-29,"0710",2008-01-31,"1825","348","BAY M",4,5,5,"0710",0,0,"0",,0,,"ATLAS RD","OAKMONT CT",0,,"Y","C","-","N",,,,,,,,,,"N",2,0,1,2,"A","-","10",21950,"A","F","G","B","D","B","H","-","C","D",0,"Y",,,,"Y",,"A","01",1,0,0,0,1,0,0,0,0,"-","-","CONTRA COSTA","RICHMOND",,
"3634044",2008,2008-09-12,"0710",2008-02-12,"1926","1281",,2,5,5,"0710",0,0,"0",,0,,"23RD ST","GRANT AV",45,"N","N","A","-","N",,,,,,,,,,"N",2,0,1,2,"A","-","11",21954,"A","F","G","B","D","A","H","-","C","D",0,"Y",,,,"Y",,"N","60",1,0,0,0,1,0,0,0,0,"-","-","CONTRA COSTA","RICHMOND",-122.34751,37.94153
"3634052",2008,2008-09-12,"0710",2008-02-17,"1545","1276","NORTH",7,5,5,"0710",0,0,"0",,0,"008","RICHMOND PKY","GOODRICK AV",100,,"N","A","-","N",,,,,,,,,,"N",4,0,1,1,"A","-","03",22350,,"N","F","A","A","A","H","-","A","A",0,,,"Y",,"Y",,"C",,0,0,1,0,0,0,0,0,1,"-","-","CONTRA COSTA","RICHMOND",,
"3634060",2008,2008-09-12,"0710",2008-02-18,"1830","348",,1,5,5,"0710",0,0,"0",,0,,"CUTTING BL","BERK AV",47,"E","N","A","-","N",,,,,,,,,,"Y",4,0,1,1,"A","-","05",21650,,"N","E","I","A","A","H","-","C","D",0,,,,,"Y",,"-","-",0,0,1,0,0,0,0,0,0,"-","-","CONTRA COSTA","RICHMOND",-122.33156,37.92538
"3634076",2008,2008-09-12,"0710",2008-02-23,"1500","1477","034",6,5,5,"0710",0,0,"0",,0,"006","MACDONALD AV","1ST ST",17,"E","-","C","-","N",,,,,,,,,,"N",3,0,2,2,"A","-","12",22450,,"N","D","C","A","B","H","-","A","A",0,,,,,"Y",,"-","-",0,1,1,0,0,0,0,0,0,"-","-","CONTRA COSTA","RICHMOND",-122.36865,37.93573
"3634152",2008,2008-09-12,"0710",2008-02-19,"1703","1281",,2,5,5,"0710",0,0,"0",,0,,"NEVIN AV","CIVIC CENTER DR",0,,"Y","A","-","N",,,,,,,,,,"N",4,0,1,2,"A","-","09",21800,"B","N","A","C","A","A","-","-","A","D",0,,,,,"Y",,"-","-",0,0,1,0,0,0,0,0,0,"-","-","CONTRA COSTA","RICHMOND",-122.34353,37.93636
"3634156",2008,2008-09-12,"0710",2008-02-27,"1320","1119",,3,5,5,"0710",0,0,"0",,0,,"23RD ST","DOWNER AV",126,"S","N","A","-","N",,,,,,,,,,"N",4,0,1,2,"A","-","04",21703,,"N","C","C","A","A","H","-","A","D",0,,,,,"Y",,"A","01",0,0,1,0,0,0,0,0,0,"-","-","CONTRA COSTA","RICHMOND",-122.34751,37.94263
"3634484",2008,2008-09-30,"9370",2008-02-19,"2216","018816",,2,3,5,"0710",0,1,"1",,2,"083","RT 80","EL PORTAL DR",2112,"E","N","C","-","Y","CC",4,80,"-","-",5.68,"H","-","W","Y",2,0,3,3,"A","-","03",22350,,"N","D","C","A","B","H","-","D","D",6,,,,,"Y",,"A","07",2,0,1,0,0,0,0,0,0,"-","-","CONTRA COSTA","RICHMOND",-122.3199,37.97216