"CASE_ID","ACCIDENT_YEAR","PROC_DATE","JURIS","COLLISION_DATE","COLLISION_TIME","OFFICER_ID","REPORTING_DISTRICT","DAY_OF_WEEK","CHP_SHIFT","POPULATION","CNTY_CITY_LOC","SPECIAL_COND","BEAT_TYPE","CHP_BEAT_TYPE","CITY_DIVISION_LAPD","CHP_BEAT_CLASS","BEAT_NUMBER","PRIMARY_RD","SECONDARY_RD","DISTANCE","DIRECTION","INTERSECTION","WEATHER_1","WEATHER_2","STATE_HWY_IND","CALTRANS_COUNTY","CALTRANS_DISTRICT","STATE_ROUTE","ROUTE_SUFFIX","POSTMILE_PREFIX","POSTMILE","LOCATION_TYPE","RAMP_INTERSECTION","SIDE_OF_HWY","TOW_AWAY","COLLISION_SEVERITY","NUMBER_KILLED","NUMBER_INJURED","PARTY_COUNT","PRIMARY_COLL_FACTOR","PCF_CODE_OF_VIOL","PCF_VIOL_CATEGORY","PCF_VIOLATION","PCF_VIOL_SUBSECTION","HIT_AND_RUN","TYPE_OF_COLLISION","MVIW","PED_ACTION","ROAD_SURFACE","ROAD_COND_1","ROAD_COND_2","LIGHTING","CONTROL_DEVICE","CHP_ROAD_TYPE","PEDESTRIAN_ACCIDENT","BICYCLE_ACCIDENT","MOTORCYCLE_ACCIDENT","TRUCK_ACCIDENT","NOT_PRIVATE_PROPERTY","ALCOHOL_INVOLVED","STWD_VEHTYPE_AT_FAULT","CHP_VEHTYPE_AT_FAULT","COUNT_SEVERE_INJ","COUNT_VISIBLE_INJ","COUNT_COMPLAINT_PAIN","COUNT_PED_KILLED","COUNT_PED_INJURED","COUNT_BICYCLIST_KILLED","COUNT_BICYCLIST_INJURED","COUNT_MC_KILLED","COUNT_MC_INJURED","PRIMARY_RAMP","SECONDARY_RAMP","COUNTY","CITY","POINT_X","POINT_Y"
"4060526",2008,2009-08-19,"0710",2008-12-06,"2130","1459","BAYMU",6,5,5,"0710",0,0,"0",,0,"007","COALINGA AV","23RD ST",0,,"Y","A","-","N",,,,,,,,,,"N",3,0,2,3,"A","-","10",21950,"A","F","G","B","B","A","H","-","C","D",0,"Y",,,,"Y",,"-","-",0,2,0,0,2,0,0,0,0,"-","-","CONTRA COSTA","RICHMOND",-122.34747,37.9474
"4060533",2008,2009-08-19,"0710",2008-12-12,"1346","1324","NORTH",5,5,5,"0710",0,0,"0",,0,"007","MACDONALD AV","HARRY ELLS PL",0,,"Y","A","-","N",,,,,,,,,,"N",4,0,1,2,"A","-","12",21453,"A","N","D","C","A","A","H","-","A","A",0,,,,,"Y",,"-","-",0,0,1,0,0,0,0,0,0,"-","-","CONTRA COSTA","RICHMOND",,
"4060537",2008,2009-08-19,"0710",2008-12-15,"0817","1242",,1,5,5,"0710",0,0,"0",,0,,"CUTTING BL","CARLSON BL",50,"W","N","C","-","N",,,,,,,,,,"N",4,0,4,2,"A","-","03",22350,,"F","C","C","A","B","H","-","A","A",0,,,,,"Y",,"A","01",0,0,4,0,0,0,0,0,0,"-","-","CONTRA COSTA","RICHMOND",-122.3384,37.92524
"4060538",2008,2009-08-19,"0710",2008-12-05,"2110","1332",,5,5,5,"0710",0,0,"0",,0,"002","HARBOR WY","OHIO AV",0,,"Y","A","-","N",,,,,,,,,,"Y",4,0,3,2,"A","-","12",21453,"A","N","D","C","A","A","H","-","C","A",0,,,,,"Y",,"A",,0,0,3,0,0,0,0,0,0,"-","-","CONTRA COSTA","RICHMOND",-122.36006,37.93084
"4060542",2008,2009-08-18,"0710",2008-12-14,"0355","1445",,7,5,5,"0710",0,0,"0",,0,"002","23RD ST","LIGHTH POLE #12517",109,"S","N","A","-","N",,,,,,,,,,"N",4,0,1,1,"A","-","05",21650,,"N","E","I","A","A","H","-","C","A",0,,,,,"Y",,"-","-",0,0,1,0,0,0,0,0,0,"-","-","CONTRA COSTA","RICHMOND",,
"4060553",2008,2009-08-19,"0710",2008-12-11,"1237","1119",,4,5,5,"0710",0,0,"0",,0,"008","HILLTOP MALL RD","HILLVIEW DR",272,"E","N","A","-","N",,,,,,,,,,"Y",3,0,3,2,"A","-","09",21801,"A","N","D","C","A","A","H","-","A","D",0,,,,,"Y",,"A","01",0,1,2,0,0,0,0,0,0,"-","-","CONTRA COSTA","RICHMOND",,
"4060554",2008,2009-08-19,"0710",2008-12-11,"0849","1324","SOUTH",4,5,5,"0710",0,0,"0",,0,"003","CUTTING BL","S 37TH ST",0,,"Y","A","-","N",,,,,,,,,,"Y",4,0,1,2,"A","-","10",21950,"A","N","G","B","B","A","H","-","A","A",0,"Y",,,,"Y",,"A","07",0,0,1,0,1,0,0,0,0,"-","-","CONTRA COSTA","RICHMOND",-122.33431,37.92538
"4060558",2008,2009-08-18,"0710",2008-12-13,"1900","1461","SOUTH",6,5,5,"0710",0,0,"0",,0,"003","SOUTH 37TH","CENTER AV",0,,"Y","A","-","N",,,,,,,,,,"N",4,0,1,2,"D","-","00",,,"N","G","B","B","A","H","-","C","D",0,"Y",,,,"Y",,"-","-",0,0,1,0,1,0,0,0,0,"-","-","CONTRA COSTA","RICHMOND",-122.33479,37.93018
"4061283",2008,2009-08-19,"0710",2008-12-09,"2001","1281",,2,5,5,"0710",0,0,"0",,0,,"RICHMOND PKY","GOODRICK AV",675,"N","N","A","-","N",,,,,,,,,,"Y",4,0,1,1,"C","-","18",,,"N","E","I","A","A","H","-","C","D",0,,,,,"Y",,"-","-",0,0,1,0,0,0,0,0,0,"-","-","CONTRA COSTA","RICHMOND",-122.36296,37.97427
"4061284",2008,2009-08-19,"0710",2008-12-08,"1700","1119",,1,5,5,"0710",0,0,"0",,0,"007","AMADOR ST","MCBRYDE AV",0,,"Y","A","-","N",,,,,,,,,,"Y",4,0,1,2,"A","-","09",21801,"A","N","B","C","A","A","H","-","C","A",0,,,"Y",,"Y",,"A","01",0,0,1,0,0,0,0,0,1,"-","-","CONTRA COSTA","RICHMOND",-122.32572,37.94878
"4061288",2008,2009-08-19,"0710",2008-12-05,"2008","1380",,5,5,5,"0710",0,0,"0",,0,"003","POTRERO AV","47TH ST",20,"N","N","A","-","N",,,,,,,,,,"Y",4,0,1,3,"A","-","21",22106,,"F","D","C","A","A","H","-","C","D",0,,,,,"Y",,"-","-",0,0,1,0,0,0,0,0,0,"-","-","CONTRA COSTA","RICHMOND",-122.32555,37.92119
"4061354",2008,2009-08-18,"0710",2008-12-08,"0853","1242",,1,5,5,"0710",0,0,"0",,0,,"ROBERT MILLER DR","SAN PABLO AV",300,"E","N","B","-","N",,,,,,,,,,"Y",4,0,1,2,"A","-","08",22107,,"F","B","C","A","A","H","-","A","D",0,,,,,"Y",,"A","01",0,0,1,0,0,0,0,0,0,"-","-","CONTRA COSTA","RICHMOND",-122.34116,37.97577
"4065176",2008,2009-07-13,"0710",2008-12-23,"0244","1023",,2,5,5,"0710",0,0,"0",,0,,"CUTHBERTSON LN","GROOM DR",130,"N","N","C","-","N",,,,,,,,,,"Y",4,0,1,2,"A","-","08",22107,,"N","B","E","A","B","H","-","C","D",0,,,,,"Y",,"A","01",0,0,1,0,0,0,0,0,0,"-","-","CONTRA COSTA","RICHMOND",-122.32745,37.97481
"4069775",2008,2009-07-16,"9370",2008-11-13,"0740","18753",,4,1,5,"0710",0,1,"1",,2,"058","RT 580","CENTRAL AV",1056,"W","N","A","-","Y","CC",4,580,"-","-",0.44,"H","-","E","Y",4,0,1,2,"A","-","03",22350,,"N","C","C","A","A","H","-","A","D",1,,,,,"Y",,"A","01",0,0,1,0,0,0,0,0,0,"-","-","CONTRA COSTA","RICHMOND",-122.31645,37.90287
"4069818",2008,2009-07-16,"9370",2008-11-25,"2058","19091",,2,2,5,"0710",0,1,"1",,2,"082","RT 80","CENTRAL AV",2112,"E","N","A","-","Y","CC",4,80,"-","-",0.65,"H","-","W","Y",4,0,2,2,"A","-","01",23152,"A","M","C","C","A","A","H","-","D","D",6,,,,,"Y","Y","A","01",0,0,2,0,0,0,0,0,0,"-","-","CONTRA COSTA","RICHMOND",-122.31389,37.90523
"4069932",2008,2009-07-22,"9370",2008-11-26,"1900","13964",,3,2,5,"0710",0,1,"1",,2,"082","RT 80","SACRAMENTO PED",482,"E","N","A","-","Y","CC",4,80,"-","-",0.59,"H","-","E","Y",4,0,1,4,"A","-","03",22350,,"N","C","C","A","A","H","-","D","D",6,,,,,"Y",,"A","07",0,0,1,0,0,0,0,0,0,"-","-","CONTRA COSTA","RICHMOND",-122.31372,37.90536
"4071041",2008,2009-06-13,"0710",2008-11-20,"1718","1040",,4,5,5,"0710",0,0,"0",,0,"007","SAN PABLO AV","ANDRADE AV",0,,"Y","A","-","N",,,,,,,,,,"N",2,0,1,2,"A","-","-",,,"N","B","C","A","A","H","-","C","D",0,,,,,"Y",,"-","-",1,0,0,0,0,0,0,0,0,"-","-","CONTRA COSTA","RICHMOND",-122.33105,37.94785
"4071045",2008,2009-06-13,"0710",2008-11-30,"2035","1496",,7,5,5,"0710",0,0,"0",,0,"006","MACDONALD AV","HARBOUR WAY",0,,"Y","A","-","N",,,,,,,,,,"N",4,0,1,2,"A","-","12",22450,,"N","D","C","A","A","D","-","C","C",0,,,,,"Y",,"A","01",0,0,1,0,0,0,0,0,0,"-","-","CONTRA COSTA","RICHMOND",-122.36003,37.93565
"4071065",2008,2009-06-13,"0710",2008-11-27,"1239","1119",,4,5,5,"0710",0,0,"0",,0,"005","RIPLEY AV","9TH ST",92,"E","N","B","-","N",,,,,,,,,,"N",4,0,2,2,"A","-","09",21804,"A","N","B","C","A","A","H","-","A","D",0,,,,,"Y",,"A","01",0,0,2,0,0,0,0,0,0,"-","-","CONTRA COSTA","RICHMOND",-122.36057,37.94037
"4071089",2008,2009-08-06,"0710",2008-11-24,"1501","1242",,1,5,5,"0710",0,0,"0",,0,,"CUTTING BL","RT 80",445,"W","N","B","-","Y","CC",4,80,"-","-",2.15,"R","4","W","Y",4,0,1,2,"A","-","04",21703,,"N","C","C","A","A","H","-","A","A",0,,,,,"Y",,"A","01",0,0,1,0,0,0,0,0,0,"-","WF","CONTRA COSTA","RICHMOND",-122.32289,37.92794
"4071093",2008,2009-06-13,"0710",2008-11-18,"1808","1119",,2,5,5,"0710",0,0,"0",,0,"004","BARRETT AV","18TH ST",0,,"Y","A","-","N",,,,,,,,,,"N",4,0,1,2,"A","-","09",21802,"A","N","D","C","A","A","H","-","C","A",0,,,,,"Y","Y","A","07",0,0,1,0,0,0,0,0,0,"-","-","CONTRA COSTA","RICHMOND",-122.35253,37.93845
"4071097",2008,2009-06-13,"0710",2008-11-21,"1829","1364","NORTH",5,5,5,"0710",0,0,"0",,0,"008","ROBERT H  MILLER AV","HILLTOP DR",0,,"Y","A","-","N",,,,,,,,,,"Y",4,0,2,2,"A","-","08",22107,,"N","A","C","A","A","H","-","C","A",0,,,,,"Y",,"A","08",0,0,2,0,0,0,0,0,0,"-","-","CONTRA COSTA","RICHMOND",-122.33315,37.97837
"4071101",2008,2009-06-13,"0710",2008-11-15,"1059","963","SOUTH",6,5,5,"0710",0,0,"0",,0,"003","CUTTING BL","CARLSON BL",0,,"Y","A","-","N",,,,,,,,,,"Y",3,0,1,2,"A","-","12",21453,"A","N","F","C","A","A","H","-","A","A",0,,,,,"Y",,"A","07",0,1,0,0,0,0,0,0,0,"-","-","CONTRA COSTA","RICHMOND",-122.33822,37.92524
"4071105",2008,2009-06-13,"0710",2008-11-17,"0839","0267","0710",1,5,5,"0710",0,0,"0",,0,"003","S 41ST ST","WALL ST",33,"S","N","A","-","N",,,,,,,,,,"N",4,0,1,2,"A","-","10",21950,"A","N","G","B","B","A","H","-","A","A",0,"Y",,,,"Y",,"A","01",0,0,1,0,1,0,0,0,0,"-","-","CONTRA COSTA","RICHMOND",-122.33082,37.92778
"4071106",2008,2009-06-13,"0710",2008-11-20,"1830","1407","NORTH",4,5,5,"0710",0,0,"0",,0,"008","RICHMOND PKY","SAN PABLO AV",0,,"Y","A","-","N",,,,,,,,,,"N",3,0,1,2,"A","-","17",21451,"A","N","G","B","B","A","H","-","C","A",0,"Y",,,,"Y",,"B","08",0,1,0,0,1,0,0,0,0,"-","-","CONTRA COSTA","RICHMOND",-122.33294,37.9908
"4071110",2008,2009-06-13,"0710",2008-11-22,"2102","1475","CENTR",6,5,5,"0710",0,0,"0",,0,"006","HARBOUR WY","BARRETT AV",0,,"Y","A","-","N",,,,,,,,,,"Y",3,0,1,1,"A","-","05",21651,"A","N","E","I","A","A","H","-","-","A",0,,,,,"Y",,"-","-",0,1,0,0,0,0,0,0,0,"-","-","CONTRA COSTA","RICHMOND",-122.36002,37.93837
"4071117",2008,2009-06-13,"0710",2008-11-18,"1755","348",,2,5,5,"0710",0,0,"0",,0,,"NEVIN AV","20TH AV",267,"W","N","A","-","N",,,,,,,,,,"Y",4,0,1,2,"A","-","03",22350,,"N","D","C","A","A","H","-","B","D",0,,,,,"Y",,"A","01",0,0,1,0,0,0,0,0,0,"-","-","CONTRA COSTA","RICHMOND",-122.3515,37.93687
"4071118",2008,2009-06-13,"0710",2008-11-24,"0810","1040","0710",1,5,5,"0710",0,0,"0",,0,"008","HILLTOP DR","BLUME DR",0,,"Y","E","-","N",,,,,,,,,,"Y",4,0,1,2,"A","-","12",21453,"A","N","B","C","A","A","H","-","A","A",0,,,,,"Y",,"A",,0,0,1,0,0,0,0,0,0,"-","-","CONTRA COSTA","RICHMOND",-122.32431,37.9767
"4076487",2008,2009-08-21,"9370",2008-12-27,"1740","18753",,6,2,5,"0710",0,1,"1",,2,"082","RT 80","CENTRAL AV",1056,"W","N","A","-","Y","CC",4,80,"-","-",0.02,"H","-","W","N",4,0,1,2,"A","-","03",22350,,"N","C","C","A","A","H","-","D","D",6,,,,,"Y",,"A","01",0,0,1,0,0,0,0,0,0,"-","-","CONTRA COSTA","RICHMOND",-122.30942,37.89803
"4076511",2008,2009-08-21,"9370",2008-12-25,"0850","18316",,4,1,5,"0710",0,1,"1",,2,"083","RT 80","RICHMOND PKY",1056,"W","N","B","-","Y","CC",4,80,"-","-",6.54,"H","-","E","Y",4,0,1,2,"A","-","08",22107,,"N","C","E","A","B","H","-","A","D",6,,,,,"Y","Y","D","22",0,0,1,0,0,0,0,0,0,"-","-","CONTRA COSTA","RICHMOND",-122.31608,37.98299
"4076722",2008,2009-07-22,"9370",2008-12-25,"0300","18424",,4,3,5,"0710",0,1,"1",,2,"082","RT 80","CARLSON BL",1217,"W","N","C","-","Y","CC",4,80,"-","-",0.77,"H","-","E","Y",3,0,1,1,"A","-","01",23152,"A","N","E","I","A","B","H","-","D","D",6,,,,,"Y","Y","A","01",0,1,0,0,0,0,0,0,0,"-","-","CONTRA COSTA","RICHMOND",-122.31482,37.9069
"4076753",2008,2009-07-22,"9370",2008-12-16,"0750","16584",,2,1,5,"0710",0,1,"1",,2,"082","RT 80","SOLANO AV",1056,"E","N","B","C","Y","CC",4,80,"-","-",3.61,"H","-","W","Y",4,0,3,5,"A","-","04",21703,,"F","C","C","A","B","H","-","A","D",6,,,,,"Y",,"A","01",0,0,3,0,0,0,0,0,0,"-","-","CONTRA COSTA","RICHMOND",-122.32501,37.94626
"4078005",2008,2009-02-19,"0710",2008-11-07,"0612",,,5,5,5,"0710",0,0,"0",,0,"901","FILBERT ST","CHESLEY AV",75,"S","N","A","-","N",,,,,,,,,,"N",4,0,1,2,"A","-","21",22106,,"N","G","B","E","A","H","-","C","D",0,"Y",,,,"Y",,"H","64",0,0,1,0,1,0,0,0,0,"-","-","CONTRA COSTA","RICHMOND",-122.36697,37.95455
"4116238",2008,2009-05-26,"0710",2008-10-31,"1748","1459","NORTH",5,5,5,"0710",0,0,"0",,0,"007","ESMOND AV","SAN PABLO AV",0,,"Y","A","-","N",,,,,,,,,,"N",4,0,1,2,"A","-","12",21453,"A","F","C","C","A","B","H","-","C","A",0,,,,,"Y",,"-","-",0,0,1,0,0,0,0,0,0,"-","-","CONTRA COSTA","RICHMOND",-122.32994,37.94551
"4149706",2008,2009-08-04,"9370",2008-12-22,"2020","19160",,1,2,5,"0710",0,1,"1",,2,"083","RT 80","HILLTOP RD",1380,"W","N","B","-","Y","CC",4,80,"-","-",5.73,"H","-","W","Y",3,0,1,2,"C","-","18",,,"N","H","I","A","B","H","-","C","D",6,,,,,"Y",,"-","-",0,1,0,0,0,0,0,0,0,"-","-","CONTRA COSTA","RICHMOND",-122.31984,37.97233
"4030096",2009,2009-09-15,"0710",2009-01-09,"1518","1324",,5,5,5,"0710",0,0,"0",,0,"003","CARLSON BLVD","CUTTING BL",0,,"Y","A","-","N",,,,,,,,,,"N",3,0,1,2,"A","-","05",21202,"A","N","B","G","A","A","H","-","A","A",0,,"Y",,"Y","Y",,"L","04",0,1,0,0,0,0,1,0,0,"-","-","CONTRA COSTA","RICHMOND",-122.33821,37.92524
"4041842",2009,2009-08-29,"0710",2009-01-14,"1150","348",,3,5,5,"0710",0,0,"0",,0,,"NEVIN AV","21ST ST",0,,"Y","A","-","N",,,,,,,,,,"Y",3,0,1,2,"A","-","12",22450,"A","F","D","C","A","A","H","-","A","A",0,,,,,"Y",,"-","-",0,1,0,0,0,0,0,0,0,"-","-","CONTRA COSTA","RICHMOND",-122.34958,37.93687
"4041845",2009,2009-08-29,"0710",2009-01-08,"0630","1242",,4,5,5,"0710",0,0,"0",,0,,"13TH ST","LINCOLN AV",0,,"Y","B","-","N",,,,,,,,,,"N",3,0,1,2,"A","-","12",21453,"A","F","D","G","A","A","H","-","A","A",0,,"Y",,,"Y",,"A","01",0,1,0,0,0,0,1,0,0,"-","-","CONTRA COSTA","RICHMOND",-122.35742,37.94596
"4041853",2009,2009-08-29,"0710",2009-01-01,"0856","1242",,4,5,5,"0710",0,0,"0",,0,,"REGATTA BL","MEEKER AV",170,"S","N","B","-","N",,,,,,,,,,"Y",4,0,1,1,"A","-","05",21650,,"N","E","I","A","A","H","-","A","D",0,,,,,"Y",,"A","01",0,0,1,0,0,0,0,0,0,"-","-","CONTRA COSTA","RICHMOND",,
"4043095",2009,2009-12-17,"9370",2009-02-06,"0845","19156",,5,1,5,"0710",0,1,"1",,2,"058","RT 580","BAYVIEW AV",10,"W","N","C","-","Y","CC",4,580,"-","-",1.2,"H","-","E","Y",4,0,2,2,"A","-","03",22350,,"N","-","C","A","B","H","-","A","D",1,,,,,"Y",,"A","01",0,0,2,0,0,0,0,0,0,"-","-","CONTRA COSTA","RICHMOND",-122.32315,37.911
"4043103",2009,2009-12-28,"9370",2009-02-06,"1500","19079",,5,2,5,"0710",0,1,"1",,2,"082","RT 80","SAN PABLO AV",950,"E","N","B","-","Y","CC",4,80,"-","-",3.17,"H","-","E","N",4,0,1,2,"A","-","04",21703,,"N","C","C","A","B","H","-","A","D",6,,,,,"Y",,"A","01",0,0,1,0,0,0,0,0,0,"-","-","CONTRA COSTA","RICHMOND",-122.3246,37.94006
"4067774",2009,2009-10-05,"9370",2009-01-13,"0720","19160",,2,1,5,"0710",0,1,"1",,2,"082","RT 80","CARLSON AV",2112,"E","N","A","-","Y","CC",4,80,"-","-",1.43,"H","-","E","Y",4,0,1,3,"A","-","04",21703,,"N","C","C","A","A","H","-","A","D",6,,,,,"Y",,"A","01",0,0,1,0,0,0,0,0,0,"-","-","CONTRA COSTA","RICHMOND",-122.31737,37.91661
"4067809",2009,2009-10-05,"9370",2009-01-16,"1526","18965",,5,2,5,"0710",0,1,"1",,2,"082","RT 80","BARRETT AV",90,"W","N","A","-","Y","CC",4,80,"-","-",2.716,"R","2","W","N",3,0,1,1,"A","-","08",22107,,"N","E","I","A","A","H","-","A","D",6,,,,,"Y",,"A","01",0,1,0,0,0,0,0,0,0,"FR","-","CONTRA COSTA","RICHMOND",-122.32636,37.93302
"4067818",2009,2009-10-02,"9370",2009-01-13,"1750","13964",,2,2,5,"0710",0,1,"1",,2,"083","RT 80","HILLTOP DR",263,"E","N","A","-","Y","CC",4,80,"-","-",6.03,"H","-","E","N",4,0,1,2,"A","-","03",22350,,"N","C","C","A","A","H","-","C","D",6,,,,,"Y",,"A","01",0,0,1,0,0,0,0,0,0,"-","-","CONTRA COSTA","RICHMOND",-122.31772,37.97816
"4067830",2009,2009-10-02,"9370",2009-01-13,"1100","14353",,2,1,5,"0710",0,1,"1",,2,"082","RT 80","SOLANO AV",385,"W","N","A","-","Y","CC",4,80,"-","-",3.29,"H","-","E","Y",3,0,1,1,"A","-","08",22107,,"N","E","J","A","A","H","-","A","D",6,,,,,"Y",,"A","01",0,1,0,0,0,0,0,0,0,"-","-","CONTRA COSTA","RICHMOND",-122.32434,37.94066
"4069177",2009,2009-08-25,"0710",2009-01-12,"1042","1119",,1,5,5,"0710",0,0,"0",,0,"007","MACDONALD AV","28TH ST",0,,"Y","A","-","N",,,,,,,,,,"Y",4,0,2,2,"A","-","09",21802,"A","N","D","C","A","A","H","-","A","A",0,,,,,"Y",,"D","22",0,0,2,0,0,0,0,0,0,"-","-","CONTRA COSTA","RICHMOND",-122.34205,37.93496
"4084423",2009,2010-02-01,"9370",2009-01-03,"1405","19091",,6,2,5,"0710",0,1,"1",,2,"058","RT 580","RICHMOND BR TP",1035,"E","N","A","-","Y","CC",4,580,"-","-",5.96,"H","-","W","N",4,0,1,3,"A","-","03",22350,,"N","C","C","A","A","H","-","A","D",1,,,"Y",,"Y",,"D","22",0,0,1,0,0,0,0,0,1,"-","-","CONTRA COSTA","RICHMOND",-122.39926,37.93216
"4084460",2009,2009-09-17,"9370",2009-01-01,"1345","19156",,4,1,5,"0710",0,1,"1",,2,"083","RT 80","EL PORTAL DR",50,"W","N","A","-","Y","CC",4,80,"-","-",5.24,"H","-","E","Y",3,0,1,2,"A","-","07",21658,"A","N","C","C","A","A","H","-","A","D",6,,,,,"Y",,"A","01",0,1,0,0,0,0,0,0,0,"-","-","CONTRA COSTA","RICHMOND",-122.32276,37.96598
"4086402",2009,2009-09-22,"0710",2009-02-23,"0852","1478",,1,5,5,"0710",0,0,"0",,0,"007","BARRETT AV","42ND ST",0,,"Y","C","-","N",,,,,,,,,,"N",4,0,1,2,"A","-","04",21703,,"N","C","C","A","B","H","-","A","D",0,,,,,"Y",,"A","01",0,0,1,0,0,0,0,0,0,"-","-","CONTRA COSTA","RICHMOND",-122.32934,37.93592
"4086403",2009,2009-12-09,"0710",2009-02-10,"1615","1304",,2,5,5,"0710",0,0,"0",,0,,"CARLSON BL","PLUMAS AV",0,,"Y","A","-","N",,,,,,,,,,"Y",4,0,1,2,"A","-","03",22350,,"F","C","C","A","A","H","-","A","D",0,,,,,"Y",,"-","-",0,0,1,0,0,0,0,0,0,"-","-","CONTRA COSTA","RICHMOND",-122.31046,37.90931
"4086406",2009,2009-09-22,"0710",2009-02-24,"1710","1402",,2,5,5,"0710",0,0,"0",,0,"007","23RD ST","DONNA DR",78,"S","N","A","-","N",,,,,,,,,,"N",4,0,2,3,"A","-","03",22350,,"N","C","C","A","A","H","-","A","D",0,,,,,"Y",,"A","01",0,0,2,0,0,0,0,0,0,"-","-","CONTRA COSTA","RICHMOND",,
"4086407",2009,2009-09-21,"0710",2009-02-12,"0931","1242",,4,5,5,"0710",0,0,"0",,0,,"ANDRADE AV","26TH ST",150,"W","N","B","-","N",,,,,,,,,,"Y",4,0,1,2,"A","-","05",21650,,"N","C","E","A","A","H","-","A","D",0,,,,,"Y",,"D","22",0,0,1,0,0,0,0,0,0,"-","-","CONTRA COSTA","RICHMOND",-122.34371,37.94777
"4086414",2009,2009-09-22,"0710",2009-02-22,"1230","1469","CENTR",7,5,5,"0710",0,0,"0",,0,"006","MACDONALD AV","3RD ST",7,"E","N","A","-","N",,,,,,,,,,"Y",4,0,1,2,"A","-","12",22450,"A","N","D","C","A","A","H","-","A","A",0,,,,,"Y",,"-","-",0,0,1,0,0,0,0,0,0,"-","-","CONTRA COSTA","RICHMOND",-122.36668,37.93572
"4086415",2009,2009-09-21,"0710",2009-02-11,"1800","1505","NORTH",3,5,5,"0710",0,0,"0",,0,"008","HILLTOP DR","SHANE DR",0,,"Y","B","-","N",,,,,,,,,,"N",3,0,1,2,"A","-","11",21950,"B","N","G","B","B","B","H","-","A","A",0,"Y",,,,"Y",,"N",,0,1,0,0,1,0,0,0,0,"-","-","CONTRA COSTA","RICHMOND",-122.32835,37.97649
"4086418",2009,2009-10-05,"0710",2009-02-20,"1650","1489","SOUTH",5,5,5,"0710",0,0,"0",,0,"003","COLUMBIA AV","SAN JOAQUIN AV",0,,"Y","A","-","N",,,,,,,,,,"N",3,0,1,2,"A","-","09",21804,"A","N","H","G","A","A","H","-","A","D",0,,"Y",,,"Y",,"A","01",0,1,0,0,0,0,1,0,0,"-","-","CONTRA COSTA","RICHMOND",-122.31268,37.90284
"4086422",2009,2009-12-15,"0710",2009-02-22,"2028","1512",,7,5,5,"0710",0,0,"0",,0,,"HARBOUR WAY","VIRGINIA ST",0,,"Y","C","-","N",,,,,,,,,,"N",3,0,1,2,"A","-","-",,,"N","G","B","D","B","H","-","C","D",0,"Y",,,,"Y","Y","N",,0,1,0,0,1,0,0,0,0,"-","-","CONTRA COSTA","RICHMOND",-122.36009,37.92664
"4086427",2009,2009-09-21,"0710",2009-02-11,"1211","1324","CENTR",3,5,5,"0710",0,0,"0",,0,"002","ERLANDSON AV","33RD ST",120,"E","N","B","-","N",,,,,,,,,,"Y",4,0,1,2,"A","-","08",22105,,"N","D","C","A","A","H","-","A","D",0,,,,,"Y",,"A","01",0,0,1,0,0,0,0,0,0,"-","-","CONTRA COSTA","RICHMOND",-122.33738,37.92291
"4086430",2009,2009-09-22,"0710",2009-02-23,"1640","1119",,1,5,5,"0710",0,0,"0",,0,"004","13TH ST","LINCOLN AV",48,"N","N","B","-","N",,,,,,,,,,"Y",4,0,1,2,"A","-","03",22350,,"F","C","C","A","B","H","-","B","A",0,,,,,"Y",,"-","-",0,0,1,0,0,0,0,0,0,"-","-","CONTRA COSTA","RICHMOND",-122.35742,37.9461
"4086434",2009,2009-09-22,"0710",2009-02-18,"1455","1119",,3,5,5,"0710",0,0,"0",,0,"006","HARBOUR WAY","BISSELL AV",75,"S","N","A","-","N",,,,,,,,,,"Y",3,0,1,1,"A","-","03",22350,,"N","F","A","A","A","H","-","A","A",0,,,,,"Y",,"A","01",0,1,0,0,0,0,0,0,0,"-","-","CONTRA COSTA","RICHMOND",-122.36004,37.9339
"4086438",2009,2009-11-04,"0710",2009-02-19,"1915","1505","NORTH",4,5,5,"0710",0,0,"0",,0,"008","HILLTOP DR","RT 80",0,,"Y","A","-","Y","CC",4,80,"-","-",5.768,"R","4","E","Y",4,0,1,3,"A","-","08",22101,"D","N","A","C","A","A","D","-","C","A",0,,,,,"Y",,"A",,0,0,1,0,0,0,0,0,0,"-","EF","CONTRA COSTA","RICHMOND",-122.3198,37.972
"4086439",2009,2009-09-21,"0710",2009-02-12,"1350","1523",,4,5,5,"0710",0,0,"0",,0,"006","15TH ST","CHANSLOR AV",0,,"Y","A","-","N",,,,,,,,,,"N",4,0,1,1,"A","-","21",22106,,"N","G","B","A","A","H","-","A","D",0,,,,,"Y",,"-","-",0,0,1,0,0,0,0,0,0,"-","-","CONTRA COSTA","RICHMOND",-122.35523,37.93248
"4086443",2009,2009-09-21,"0710",2009-02-12,"1851","1439","SOUTH",4,5,5,"0710",0,0,"0",,0,"003","37TH ST","STEGE AV",15,"E","N","A","-","N",,,,,,,,,,"Y",3,0,7,3,"A","-","01",23152,"A","N","A","C","A","A","H","-","C","D",0,,,,,"Y","Y","A","01",0,7,0,0,0,0,0,0,0,"-","-","CONTRA COSTA","RICHMOND",-122.33404,37.92321