"CASE_ID","ACCIDENT_YEAR","PROC_DATE","JURIS","COLLISION_DATE","COLLISION_TIME","OFFICER_ID","REPORTING_DISTRICT","DAY_OF_WEEK","CHP_SHIFT","POPULATION","CNTY_CITY_LOC","SPECIAL_COND","BEAT_TYPE","CHP_BEAT_TYPE","CITY_DIVISION_LAPD","CHP_BEAT_CLASS","BEAT_NUMBER","PRIMARY_RD","SECONDARY_RD","DISTANCE","DIRECTION","INTERSECTION","WEATHER_1","WEATHER_2","STATE_HWY_IND","CALTRANS_COUNTY","CALTRANS_DISTRICT","STATE_ROUTE","ROUTE_SUFFIX","POSTMILE_PREFIX","POSTMILE","LOCATION_TYPE","RAMP_INTERSECTION","SIDE_OF_HWY","TOW_AWAY","COLLISION_SEVERITY","NUMBER_KILLED","NUMBER_INJURED","PARTY_COUNT","PRIMARY_COLL_FACTOR","PCF_CODE_OF_VIOL","PCF_VIOL_CATEGORY","PCF_VIOLATION","PCF_VIOL_SUBSECTION","HIT_AND_RUN","TYPE_OF_COLLISION","MVIW","PED_ACTION","ROAD_SURFACE","ROAD_COND_1","ROAD_COND_2","LIGHTING","CONTROL_DEVICE","CHP_ROAD_TYPE","PEDESTRIAN_ACCIDENT","BICYCLE_ACCIDENT","MOTORCYCLE_ACCIDENT","TRUCK_ACCIDENT","NOT_PRIVATE_PROPERTY","ALCOHOL_INVOLVED","STWD_VEHTYPE_AT_FAULT","CHP_VEHTYPE_AT_FAULT","COUNT_SEVERE_INJ","COUNT_VISIBLE_INJ","COUNT_COMPLAINT_PAIN","COUNT_PED_KILLED","COUNT_PED_INJURED","COUNT_BICYCLIST_KILLED","COUNT_BICYCLIST_INJURED","COUNT_MC_KILLED","COUNT_MC_INJURED","PRIMARY_RAMP","SECONDARY_RAMP","COUNTY","CITY","POINT_X","POINT_Y"
"4265014",2009,2010-03-01,"9370",2009-05-30,"2220","019156",,6,3,5,"0710",0,1,"1",,2,"058","RT 580","SAN RAFAEL BR TP",15,"E","N","A","-","Y","CC",4,580,"-","-",6.22,"H","-","W","Y",4,0,1,3,"A","-","03",22350,,"N","C","C","A","A","H","-","C","D",0,,,,,"Y",,"A","01",0,0,1,0,0,0,0,0,0,"-","-","CONTRA COSTA","RICHMOND",-122.40682,37.93257
"4265130",2009,2010-03-26,"9370",2009-06-02,"2300","18453",,2,3,5,"0710",0,1,"1",,2,"058","RT 580","CANAL BL",450,"E","N","C","-","Y","CC",4,580,"-","R",4.504,"R","2","E","Y",3,0,1,1,"A","-","08",22107,,"N","E","I","A","B","H","-","D","D",1,,,,,"Y",,"A","01",0,1,0,0,0,0,0,0,0,"-","-","CONTRA COSTA","RICHMOND",-122.37298,37.92708
"4266364",2009,2010-03-10,"9370",2009-06-03,"0820","19504",,3,1,5,"0710",0,1,"1",,2,"058","RT 580","MARINE ST",393,"E","N","A","-","Y","CC",4,580,"-","R",5.36,"H","-","E","Y",4,0,1,2,"A","-","03",22350,,"N","F","A","A","B","H","-","A","D",1,,,,"Y","Y",,"A","07",0,0,1,0,0,0,0,0,0,"-","-","CONTRA COSTA","RICHMOND",-122.38919,37.93004
"4280729",2009,2010-03-02,"0710",2009-06-05,"1405","1229",,5,5,5,"0710",0,0,"0",,0,,"SAN PABLO AV","MACDONALD AV",0,,"Y","A","-","N",,,,,,,,,,"N",4,0,1,2,"A","-","08",22100,"B","N","B","C","A","A","H","-","A","A",0,,,,,"Y",,"-","-",0,0,1,0,0,0,0,0,0,"-","-","CONTRA COSTA","RICHMOND",-122.32348,37.93235
"4280743",2009,2009-12-08,"0710",2009-04-23,"0832","1040","SOUTH",4,5,5,"0710",0,0,"0",,0,"001","OHIO AV","2ND ST",0,,"Y","B","-","N",,,,,,,,,,"Y",4,0,2,2,"A","-","09",21801,"A","N","D","C","A","A","H","-","A","D",0,,,,,"Y",,"-","-",0,0,2,0,0,0,0,0,0,"-","-","CONTRA COSTA","RICHMOND",-122.36785,37.93087
"4280747",2009,2010-01-11,"0710",2009-05-21,"1448","1324","NORTH",4,5,5,"0710",0,0,"0",,0,"007","MACDONALD AV","35TH ST",24,,"N","A","-","N",,,,,,,,,,"Y",4,0,3,3,"B","-","22",,,"N","B","C","A","A","H","-","A","D",0,,,,,"Y",,"-","-",0,0,3,0,0,0,0,0,0,"-","-","CONTRA COSTA","RICHMOND",-122.33612,37.93413
"4280763",2009,2010-01-11,"0710",2009-05-17,"1046","1537",,7,5,5,"0710",0,0,"0",,0,"007","26TH ST","ANDRADE AV",0,,"Y","A","-","N",,,,,,,,,,"Y",4,0,1,2,"A","-","09",21800,"A","N","D","C","A","A","H","-","A","D",0,,,,,"Y",,"-","-",0,0,1,0,0,0,0,0,0,"-","-","CONTRA COSTA","RICHMOND",-122.34318,37.94776
"4280771",2009,2010-01-11,"0710",2009-05-22,"1755","1462",,5,5,5,"0710",0,0,"0",,0,"004","ROOSEVELT AV","21ST ST",0,,"Y","A","-","N",,,,,,,,,,"Y",3,0,1,2,"A","-","09",21802,"A","N","D","C","A","A","H","-","A","A",0,,,,,"Y",,"A","01",0,1,0,0,0,0,0,0,0,"-","-","CONTRA COSTA","RICHMOND",-122.34954,37.93997
"4280775",2009,2010-01-11,"0710",2009-05-19,"1842","1119",,2,5,5,"0710",0,0,"0",,0,"003","CENTRAL AV","SAN JOAQUIN ST",21,"W","N","A","-","N",,,,,,,,,,"N",3,0,1,2,"A","-","-",,,"N","G","B","B","A","H","-","A","A",0,"Y",,,,"Y",,"A","01",0,1,0,0,1,0,0,0,0,"-","-","CONTRA COSTA","RICHMOND",-122.31173,37.90071
"4280779",2009,2010-01-11,"0710",2009-05-20,"1157","348",,3,5,5,"0710",0,0,"0",,0,,"BARRETT AV","44TH ST",102,"W","N","A","-","N",,,,,,,,,,"Y",3,0,1,2,"A","-","05",21650,,"N","B","E","A","A","H","-","A","D",0,,,,,"Y",,"-","-",0,1,0,0,0,0,0,0,0,"-","-","CONTRA COSTA","RICHMOND",-122.32801,37.93572
"4280816",2009,2010-03-04,"0710",2009-06-13,"1720","1477",,6,5,5,"0710",0,0,"0",,0,"007","BARRETT AV","24TH ST",0,,"Y","A","-","N",,,,,,,,,,"N",4,0,1,2,"A","-","11",21950,"B","N","G","B","B","A","H","-","A","A",0,"Y",,,,"Y",,"N","60",0,0,1,0,1,0,0,0,0,"-","-","CONTRA COSTA","RICHMOND",-122.34577,37.93823
"4280820",2009,2010-03-04,"0710",2009-06-05,"1358","1324","NORTH",5,5,5,"0710",0,0,"0",,0,"008","RICHMOND PKY","SAN PABLO AV",0,,"Y","A","-","N",,,,,,,,,,"Y",4,0,1,2,"A","-","12",21453,"A","N","D","C","A","A","H","-","A","A",0,,,,,"Y",,"A","07",0,0,1,0,0,0,0,0,0,"-","-","CONTRA COSTA","RICHMOND",-122.33293,37.99079
"4280824",2009,2010-03-08,"0710",2009-06-10,"0920","1324","NORTH",3,5,5,"0710",0,0,"0",,0,"007","SOLANO AV","WILSON AV",0,,"Y","B","-","N",,,,,,,,,,"Y",4,0,1,2,"A","-","09",21802,"A","N","D","C","A","A","H","-","A","D",0,,,,,"Y",,"A","01",0,0,1,0,0,0,0,0,0,"-","-","CONTRA COSTA","RICHMOND",-122.32917,37.94204
"4280828",2009,2010-03-08,"0710",2009-06-09,"1907","267","071",2,5,5,"0710",0,0,"0",,0,"008","RICHMOND PKY","POLE 11868",218,"E","N","A","-","N",,,,,,,,,,"Y",3,0,1,1,"A","-","05",21650,,"N","H","-","A","A","H","-","A","D",0,,,,,"Y",,"-","-",0,1,0,0,0,0,0,0,0,"-","-","CONTRA COSTA","RICHMOND",,
"4280840",2009,2010-03-08,"0710",2009-06-01,"0235","1482","CENTR",1,5,5,"0710",0,0,"0",,0,"006","CHANSLOR AV","CURRY AV",0,,"Y","A","-","N",,,,,,,,,,"Y",2,0,1,2,"B","-","22",,,"N","C","C","A","A","H","-","C","A",0,,,,,"Y","Y","-","-",1,0,0,0,0,0,0,0,0,"-","-","CONTRA COSTA","RICHMOND",-122.37389,37.93287
"4280848",2009,2010-03-08,"0710",2009-06-08,"1010","1242",,1,5,5,"0710",0,0,"0",,0,,"HARBOUR WAY","NEVIN AV",25,"N","N","A","-","N",,,,,,,,,,"N",4,0,1,2,"A","-","03",22350,,"F","C","C","A","A","H","-","A","A",0,,,,,"Y",,"A","01",0,0,1,0,0,0,0,0,0,"-","-","CONTRA COSTA","RICHMOND",-122.36004,37.9369
"4280852",2009,2010-03-08,"0710",2009-06-06,"1438","1472",,6,5,5,"0710",0,0,"0",,0,"003","47TH ST","CYPRESS AV",0,,"Y","A","-","N",,,,,,,,,,,3,0,1,2,"A","-","05",21650,"1","N","D","G","A","A","H","-","A","D",0,,"Y",,,"Y",,"L","04",0,1,0,0,0,0,1,0,0,"-","-","CONTRA COSTA","RICHMOND",-122.3264,37.91996
"4280858",2009,2010-01-09,"0710",2009-05-29,"1520","1324","NORTH",5,5,5,"0710",0,0,"0",,0,"005","HARBOUR WAY","HARBOUR DR",0,,"N","A","-","N",,,,,,,,,,"N",4,0,1,2,"A","-","11",21955,,"N","B","B","D","A","H","-","A","D",0,"Y",,,,"Y",,"N","60",0,0,1,0,1,0,0,0,0,"-","-","CONTRA COSTA","RICHMOND",-122.36004,37.93136
"4280860",2009,2010-03-08,"0710",2009-06-06,"0322","1496",,6,5,5,"0710",0,0,"0",,0,"008","MILLS DR","SHANE DR",0,,"Y","A","-","N",,,,,,,,,,"Y",4,0,2,1,"A","-","03",22350,,"N","A","I","A","A","H","-","C","D",0,,,,,"Y",,"A",,0,0,2,0,0,0,0,0,0,"-","-","CONTRA COSTA","RICHMOND",,
"4280864",2009,2010-04-15,"0710",2009-06-04,"0943","1489","SOUTH",4,5,5,"0710",0,0,"0",,0,"003","CUTTING BL","RT 80",0,,"Y","A","B","Y","CC",4,80,"-","-",2.15,"R","1","W","N",3,0,1,2,"A","-","11",21950,"B","N","A","G","A","A","H","-","A","A",0,,"Y",,,"Y",,"L","04",0,1,0,0,0,0,1,0,0,"-","WF","CONTRA COSTA","RICHMOND",-122.32289,37.92794
"4280866",2009,2010-01-09,"0710",2009-05-27,"1522","1119",,3,5,5,"0710",0,0,"0",,0,"006","NEVIN AV","6TH ST",0,,"Y","A","-","N",,,,,,,,,,"Y",2,0,2,2,"A","-","12",22450,"A","N","D","C","A","A","H","-","A","A",0,,,"Y",,"Y","Y","C","02",1,0,1,0,0,0,0,0,1,"-","-","CONTRA COSTA","RICHMOND",-122.36376,37.93685
"4280868",2009,2010-04-29,"0710",2009-06-04,"2105","1462",,4,5,5,"0710",0,0,"0",,0,"003","CENTRAL AV","SAN LUIS AV",0,,"Y","A","-","N",,,,,,,,,,"N",4,0,1,2,"A","-","04",21703,,"N","C","C","A","A","H","-","B","A",0,,,,,"Y",,"A","01",0,0,1,0,0,0,0,0,0,"-","-","CONTRA COSTA","RICHMOND",-122.30989,37.90107
"4280878",2009,2010-01-09,"0710",2009-05-26,"1155","1119",,2,5,5,"0710",0,0,"0",,0,"007","37TH ST","NEVIN AV",52,"S","N","A","-","N",,,,,,,,,,"N",4,0,1,2,"A","-","05",21202,"A","N","B","G","A","A","H","-","A","D",0,,"Y",,,"Y",,"L","04",0,0,1,0,0,0,1,0,0,"-","-","CONTRA COSTA","RICHMOND",-122.33405,37.93486
"4281921",2009,2010-03-08,"0710",2009-06-04,"1920","1402",,4,5,5,"0710",0,0,"0",,0,"001","MARINA BAY PKY","FOOTHILL AV",207,"N","N","A","-","N",,,,,,,,,,"Y",3,0,3,2,"A","-","03",22350,,"N","C","C","A","A","H","-","A","D",0,,,,,"Y",,"-","-",0,2,1,0,0,0,0,0,0,"-","-","CONTRA COSTA","RICHMOND",,
"4281933",2009,2010-03-26,"0710",2009-06-01,"1338","1242",,1,5,5,"0710",0,0,"0",,0,,"BAYVIEW AV","RT 580",0,,"Y","B","-","Y","CC",4,580,"-","-",1.42,"R","4","W","N",4,0,1,2,"A","-","03",22350,,"N","C","C","A","A","H","-","A","A",0,,,,,"Y",,"A","01",0,0,1,0,0,0,0,0,0,"-","WO","CONTRA COSTA","RICHMOND",-122.32671,37.91547
"4281941",2009,2010-03-08,"0710",2009-06-01,"1409","1119",,1,5,5,"0710",0,0,"0",,0,"003","CUTTING BL","50TH ST",58,"W","N","B","-","N",,,,,,,,,,"Y",4,0,2,3,"A","-","04",21703,,"N","C","C","A","A","H","-","A","D",0,,,,,"Y",,"A","07",0,0,2,0,0,0,0,0,0,"-","-","CONTRA COSTA","RICHMOND",-122.32288,37.92545
"4282083",2009,2010-04-15,"9370",2009-06-17,"0710","15258",,3,1,5,"0710",0,1,"1",,2,"082","RT 80","CARLSON BL",80,"E","N","B","-","Y","CC",4,80,"-","-",1.05,"H","-","W","Y",3,0,1,4,"A","-","03",22350,,"N","C","C","A","A","H","-","A","D",6,,,,,"Y",,"D","22",0,1,0,0,0,0,0,0,0,"-","-","CONTRA COSTA","RICHMOND",-122.31743,37.91116
"4282107",2009,2010-04-15,"9370",2009-06-10,"1600","19504",,3,2,5,"0710",0,1,"1",,2,"082","RT 80","CUTTING BL",2640,"E","N","A","-","Y","CC",4,80,"-","-",2.08,"H","-","E","N",4,0,1,2,"A","-","03",22350,,"N","C","C","A","A","H","-","A","D",6,,,,,"Y",,"A","01",0,0,1,0,0,0,0,0,0,"-","-","CONTRA COSTA","RICHMOND",-122.32219,37.92768
"4282153",2009,2010-03-16,"9370",2009-06-07,"1125","019066",,7,1,5,"0710",0,1,"1",,2,"082","RT 80","SOLANO AV",1056,"W","N","A","-","Y","CC",4,80,"-","-",3.21,"H","-","W","Y",4,0,1,4,"A","-","03",22350,,"N","C","C","A","A","H","-","A","D",6,,,,,"Y",,"A","01",0,0,1,0,0,0,0,0,0,"-","-","CONTRA COSTA","RICHMOND",-122.32418,37.94145
"4295822",2009,2010-03-02,"9370",2009-06-19,"2310","18864",,5,3,5,"0710",0,1,"1",,2,"058","RT 580","BAYVIEW AV",2112,"E","N","A","-","Y","CC",4,580,"-","-",0.81,"H","-","E","Y",3,0,1,2,"A","-","01",23152,"A","N","B","C","A","A","H","-","C","D",1,,,,"Y","Y","Y","A","07",0,1,0,0,0,0,0,0,0,"-","-","CONTRA COSTA","RICHMOND",-122.31972,37.90682
"4310843",2009,2010-04-14,"0710",2009-07-18,"1400","1119",,6,5,5,"0710",0,0,"0",,0,"006","MACDONALD AV","MARINA WY",18,"W","N","A","-","N",,,,,,,,,,"N",4,0,1,3,"A","-","03",22350,,"M","C","C","B","A","H","-","A","A",0,"Y",,,,"Y",,"A","01",0,0,1,0,1,0,0,0,0,"-","-","CONTRA COSTA","RICHMOND",-122.3563,37.93575
"4310855",2009,2010-03-26,"0710",2009-07-17,"1529","1519","NORTH",5,5,5,"0710",0,0,"0",,0,"008","HILLTOP DR","SHANE DR",120,,"N","A","-","N",,,,,,,,,,"N",4,0,1,3,"A","-","03",22350,,"N","C","C","A","A","H","-","A","D",0,,,,,"Y","Y","D","22",0,0,1,0,0,0,0,0,0,"-","-","CONTRA COSTA","RICHMOND",-122.32835,37.97649
"4312549",2009,2010-07-19,"9350",2009-07-05,"2225","018863",,7,3,5,"0710",0,1,"1",,2,"115","RT 580","MARIN / CONTRA COSTA CO LINE",3696,"E","N","A","-","Y","CC",4,580,"-","-",7.08,"H","-","W","Y",3,0,1,1,"A","-","01",23152,"A","N","E","I","A","A","H","-","C","D",1,,,,,"Y","Y","A","01",0,1,0,0,0,0,0,0,0,"-","-","CONTRA COSTA","RICHMOND",-122.42165,37.93346
"4312740",2009,2010-03-18,"9350",2009-06-18,"0810","18828",,4,1,5,"0710",0,1,"1",,2,"115","RT 580","MAIN ST",16368,"E","N","A","-","Y","CC",4,580,"-","-",7.32,"H","-","W","Y",3,0,1,4,"A","-","03",22350,,"M","C","C","A","A","H","-","A","D",1,,,,,"Y",,"A","01",0,1,0,0,0,0,0,0,0,"-","-","CONTRA COSTA","RICHMOND",-122.42579,37.93369
"4323595",2009,2010-04-19,"0710",2009-07-16,"0129","1324","NORTH",4,5,5,"0710",0,0,"0",,0,"007","23RD ST","BISSELL AV",0,,"Y","A","-","N",,,,,,,,,,"Y",2,0,1,2,"A","-","01",23140,"A","N","D","C","A","A","H","-","C","A",0,,,,,"Y","Y","A","08",1,0,0,0,0,0,0,0,0,"-","-","CONTRA COSTA","RICHMOND",-122.3486,37.93414
"4323773",2009,2010-04-14,"0710",2009-07-10,"1510","1386",,5,5,5,"0710",0,0,"0",,0,"002","CUTTING BL","SOUTH 22ND",65,"E","N","A","-","N",,,,,,,,,,"N",3,0,1,2,"A","-","04",21703,,"N","C","C","A","A","H","-","A","D",0,,,"Y",,"Y",,"C","02",0,1,0,0,0,0,0,0,1,"-","-","CONTRA COSTA","RICHMOND",-122.34839,37.92521
"4323789",2009,2010-04-14,"0710",2009-07-08,"1645","1505","NORTH",3,5,5,"0710",0,0,"0",,0,"008","RICHMOND PKY","HILLTOP DR",2112,"W","N","A","-","N",,,,,,,,,,"Y",3,0,1,2,"A","-","08",22107,,"F","C","C","A","A","H","-","A","D",0,,,,,"Y","Y","D",,0,1,0,0,0,0,0,0,0,"-","-","CONTRA COSTA","RICHMOND",,
"4323801",2009,2010-04-14,"0710",2009-07-11,"1435","1386",,6,5,5,"0710",0,0,"0",,0,"001","HARBOUR WY S","HOFFMAN BL",0,,"Y","A","-","N",,,,,,,,,,"Y",3,0,2,2,"D","-","00",,,"N","D","C","A","A","H","-","A","A",0,,,,,"Y",,"-","-",0,1,1,0,0,0,0,0,0,"-","-","CONTRA COSTA","RICHMOND",-122.3601,37.92256
"4323841",2009,2010-03-29,"0710",2009-07-01,"1842","1119",,3,5,5,"0710",0,0,"0",,0,"006","4TH ST","MACDONALD AV",15,"N","N","A","-","N",,,,,,,,,,"N",4,0,1,2,"A","-","10",21950,"A","N","G","B","B","A","H","-","A","A",0,"Y",,,,"Y",,"A","01",0,0,1,0,1,0,0,0,0,"-","-","CONTRA COSTA","RICHMOND",-122.3657,37.93576
"4323845",2009,2010-03-29,"0710",2009-07-23,"2139","1537",,4,5,5,"0710",0,0,"0",,0,"006","CHANSLOR AV","3RD ST",4,"E","N","A","-","N",,,,,,,,,,"N",4,0,1,2,"A","-","03",22350,,"F","G","B","D","A","H","-","C","D",0,"Y",,,,"Y",,"-","-",0,0,1,0,1,0,0,0,0,"-","-","CONTRA COSTA","RICHMOND",-122.36669,37.93248
"4323849",2009,2010-03-29,"0710",2009-07-21,"2130","1505",,2,5,5,"0710",0,0,"0",,0,"008","HILLTOP DR","SAN PABLO AV",0,,"Y","A","-","N",,,,,,,,,,"Y",3,0,3,2,"A","-","01",23153,"A","N","D","C","A","A","H","-","C","A",0,,,,,"Y",,"A","07",0,1,2,0,0,0,0,0,0,"-","-","CONTRA COSTA","RICHMOND",-122.33545,37.98595
"4323861",2009,2010-03-29,"0710",2009-07-26,"1419","1327",,7,5,5,"0710",0,0,"0",,0,"004","22ND ST","ROOSEVELT",0,,"Y","A","-","N",,,,,,,,,,"N",4,0,2,2,"A","-","04",21703,,"N","C","C","A","A","H","-","A","A",0,,,,,"Y",,"-","-",0,0,2,0,0,0,0,0,0,"-","-","CONTRA COSTA","RICHMOND",-122.34854,37.93998
"4323865",2009,2010-03-29,"0710",2009-07-26,"0912","1519","CENTR",7,5,5,"0710",0,0,"0",,0,"005","BISSELL AV","9TH ST",0,,"Y","A","-","N",,,,,,,,,,"N",4,0,1,2,"A","-","05",21752,"D","F","D","C","A","A","H","-","A","D",0,,,,,"Y","Y","-","-",0,0,1,0,0,0,0,0,0,"-","-","CONTRA COSTA","RICHMOND",-122.36094,37.9341
"4323901",2009,2010-03-29,"0710",2009-07-02,"1331","1119",,4,5,5,"0710",0,0,"0",,0,"008","BLUME DR","RICHMOND PKY",57,"S","N","A","-","N",,,,,,,,,,"N",4,0,1,2,"A","-","04",21703,,"N","C","C","A","A","H","-","A","A",0,,,,,"Y",,"A","01",0,0,1,0,0,0,0,0,0,"-","-","CONTRA COSTA","RICHMOND",-122.31726,37.98673
"4323909",2009,2010-03-29,"0710",2009-07-03,"1326","4323909","07030",5,5,5,"0710",0,0,"0",,0,"1326","COLUMBIA AV","SANTA CLARA ST",0,,"Y","A","-","N",,,,,,,,,,"Y",4,0,1,2,"A","-","09",21802,"A","N","D","C","A","A","H","-","A","A",0,,,,,"Y",,"A","01",0,0,1,0,0,0,0,0,0,"-","-","CONTRA COSTA","RICHMOND",-122.30876,37.90453
"4324006",2009,2010-02-10,"0710",2009-06-14,"1409","1472","SOUTH",7,5,5,"0710",0,0,"0",,0,"003","CENTER AV","39TH STREET",0,,"Y","A","-","N",,,,,,,,,,"N",4,0,4,2,"A","-","09",21800,"A","N","D","C","A","A","H","-","A","D",0,,,,,"Y",,"A","01",0,0,4,0,0,0,0,0,0,"-","-","CONTRA COSTA","RICHMOND",-122.33286,37.93019
"4324013",2009,2010-02-10,"0710",2009-06-26,"0039","1323","CENTR",5,5,5,"0710",0,0,"0",,0,"004","PENNSYLVANIA AV","17TH ST",0,,"Y","B","-","N",,,,,,,,,,"Y",3,0,1,2,"A","-","01",23152,,"N","A","E","A","A","H","-","C","D",0,,,,,"Y","Y","-","-",0,1,0,0,0,0,0,0,0,"-","-","CONTRA COSTA","RICHMOND",-122.35382,37.9421
"4324014",2009,2010-02-10,"0710",2009-06-15,"2041","1523",,1,5,5,"0710",0,0,"0",,0,"004","BARRETT AV","18TH ST",0,,"Y","A","-","N",,,,,,,,,,"Y",4,0,1,2,"A","-","09",21801,"A","N","B","C","A","A","H","-","C","D",0,,,,,"Y",,"-","-",0,0,1,0,0,0,0,0,0,"-","-","CONTRA COSTA","RICHMOND",-122.35252,37.93845
"4324018",2009,2010-02-10,"0710",2009-06-14,"0951","1541",,7,5,5,"0710",0,0,"0",,0,"006","BARRETT AV","4TH ST",0,,"Y","B","-","N",,,,,,,,,,"N",4,0,1,2,"A","-","08",22108,,"N","D","C","A","A","H","-","A","A",0,,,,,"Y",,"-","-",0,0,1,0,0,0,0,0,0,"-","-","CONTRA COSTA","RICHMOND",-122.36579,37.93841
"4324021",2009,2010-02-10,"0710",2009-06-29,"1530","1119",,1,5,5,"0710",0,0,"0",,0,"007","BARRETT AV","27TH ST",99,"W","N","A","-","N",,,,,,,,,,"Y",4,0,1,2,"A","-","03",22350,,"N","C","C","A","A","H","-","A","A",0,,,,,"Y",,"A","01",0,0,1,0,0,0,0,0,0,"-","-","CONTRA COSTA","RICHMOND",-122.34267,37.93778
"4324022",2009,2010-02-10,"0710",2009-06-12,"1255","1119",,5,5,5,"0710",0,0,"0",,0,"003","CARLSON BL","COLUMBIA AV",33,"W","N","B","-","N",,,,,,,,,,"Y",3,0,3,2,"A","-","03",22350,,"N","C","C","A","A","H","-","A","D",0,,,,,"Y",,"A","07",0,2,1,0,0,0,0,0,0,"-","-","CONTRA COSTA","RICHMOND",-122.30701,37.9054
"4324026",2009,2010-02-10,"0710",2009-06-19,"1736","1386",,5,5,5,"0710",0,0,"0",,0,"007","SIERRA AV","KERN ST",84,"E","N","A","-","N",,,,,,,,,,"Y",3,0,1,2,"A","-","01",23152,"A","N","C","E","A","A","H","-","A","D",0,,,,,"Y","Y","D","22",0,1,0,0,0,0,0,0,0,"-","-","CONTRA COSTA","RICHMOND",-122.32038,37.94057
"4324029",2009,2010-02-10,"0710",2009-06-16,"1745","1402",,2,5,5,"0710",0,0,"0",,0,"006","HARBOUR WAY","NEVIN AV",0,,"Y","A","-","N",,,,,,,,,,"Y",4,0,1,2,"A","-","09",21801,"A","N","D","C","A","A","H","-","A","A",0,,,,,"Y",,"-","-",0,0,1,0,0,0,0,0,0,"-","-","CONTRA COSTA","RICHMOND",-122.36003,37.93683
"4324030",2009,2010-02-10,"0710",2009-06-12,"1614","1386",,5,5,5,"0710",0,0,"0",,0,"007","23RD ST","DUNN AV",6,"N","N","A","-","N",,,,,,,,,,"N",4,0,3,2,"A","-","03",22350,,"N","C","C","A","A","H","-","A","D",0,,,,,"Y",,"A","01",0,0,3,0,0,0,0,0,0,"-","-","CONTRA COSTA","RICHMOND",-122.34746,37.94886
"4324038",2009,2010-02-10,"0710",2009-06-16,"1244","1324","NORTH",2,5,5,"0710",0,0,"0",,0,,"GROOM DR","BELFAST WY",109,"W","N","B","-","N",,,,,,,,,,"N",4,0,1,2,"A","-","11",21955,,"N","G","B","D","A","C","-","A","D",0,"Y",,,,"Y",,"N","60",0,0,1,0,1,0,0,0,0,"-","-","CONTRA COSTA","RICHMOND",-122.33498,37.97507
"4324042",2009,2010-02-10,"0710",2009-06-12,"1620","1324","NORTH",5,5,5,"0710",0,0,"0",,0,"007","SAN PABLO AV","NEVIN AV",0,,"Y","A","-","N",,,,,,,,,,"N",4,0,1,2,"A","-","05",21650,"1","N","D","G","A","A","C","-","A","D",0,,"Y",,,"Y",,"L","04",0,0,1,0,0,0,1,0,0,"-","-","CONTRA COSTA","RICHMOND",-122.32433,37.93363
"4324057",2009,2010-02-10,"0710",2009-06-24,"1745","1402",,3,5,5,"0710",0,0,"0",,0,"007","BARRETT AV","WILSON AV",0,,"Y","A","-","N",,,,,,,,,,"N",4,0,1,2,"A","-","04",21703,,"N","C","C","A","A","H","-","A","D",0,,,,,"Y",,"-","-",0,0,1,0,0,0,0,0,0,"-","-","CONTRA COSTA","RICHMOND",-122.32603,37.93543
"4324058",2009,2010-02-10,"0710",2009-06-21,"1510","1469","NORTH",7,5,5,"0710",0,0,"0",,0,"007","SAN PABLO AV","SOLANO AV",168,"S","N","A","-","N",,,,,,,,,,"N",3,0,1,2,"A","-","07",21658,"A","N","D","-","F","A","H","-","A","D",0,"Y","Y",,,"Y",,"-","-",0,1,0,0,1,0,0,0,0,"-","-","CONTRA COSTA","RICHMOND",-122.32807,37.9416
"4324065",2009,2010-02-10,"0710",2009-06-27,"1930","1504",,6,5,5,"0710",0,0,"0",,0,"007","BARRETT AV","37TH ST",0,,"Y","A","-","N",,,,,,,,,,"N",4,0,1,2,"A","-","04",21703,,"N","C","C","A","A","H","-","A","A",0,,,,,"Y",,"-","-",0,0,1,0,0,0,0,0,0,"-","-","CONTRA COSTA","RICHMOND",-122.33366,37.93653
"4324069",2009,2010-04-08,"0710",2009-06-29,"0830","1274",,1,5,5,"0710",0,0,"0",,0,,"HILLTOP RD","RT 80",0,,"Y","A","-","Y","CC",4,80,"-","-",6.022,"R","4","W","Y",4,0,2,3,"A","-","04",21703,,"N","C","C","A","A","D","-","A","A",0,,,,,"Y",,"-","-",0,0,2,0,0,0,0,0,0,"-","-","CONTRA COSTA","RICHMOND",-122.31872,37.97562
"4324072",2009,2010-01-06,"0710",2009-05-29,"1922","1250",,5,5,5,"0710",0,0,"0",,0,"007","WILSON AV","SOLANO AV",0,,"Y","A","-","N",,,,,,,,,,"N",4,0,1,2,"A","-","09",21802,"A","M","D","C","A","A","H","-","A","A",0,,,,,"Y",,"-","-",0,0,1,0,0,0,0,0,0,"-","-","CONTRA COSTA","RICHMOND",-122.32917,37.94204
"4327432",2009,2010-06-08,"9370",2009-07-09,"1740","19051",,4,2,5,"0710",0,1,"1",,2,"083","RT 80","EL PORTAL DR",2640,"W","N","A","-","Y","CC",4,80,"-","-",4.75,"H","-","E","N",4,0,2,2,"A","-","03",22350,,"N","C","C","A","A","H","-","A","D",6,,,,,"Y",,"I","12",0,0,2,0,0,0,0,0,0,"-","-","CONTRA COSTA","RICHMOND",-122.32941,37.96186