"CASE_ID","ACCIDENT_YEAR","PROC_DATE","JURIS","COLLISION_DATE","COLLISION_TIME","OFFICER_ID","REPORTING_DISTRICT","DAY_OF_WEEK","CHP_SHIFT","POPULATION","CNTY_CITY_LOC","SPECIAL_COND","BEAT_TYPE","CHP_BEAT_TYPE","CITY_DIVISION_LAPD","CHP_BEAT_CLASS","BEAT_NUMBER","PRIMARY_RD","SECONDARY_RD","DISTANCE","DIRECTION","INTERSECTION","WEATHER_1","WEATHER_2","STATE_HWY_IND","CALTRANS_COUNTY","CALTRANS_DISTRICT","STATE_ROUTE","ROUTE_SUFFIX","POSTMILE_PREFIX","POSTMILE","LOCATION_TYPE","RAMP_INTERSECTION","SIDE_OF_HWY","TOW_AWAY","COLLISION_SEVERITY","NUMBER_KILLED","NUMBER_INJURED","PARTY_COUNT","PRIMARY_COLL_FACTOR","PCF_CODE_OF_VIOL","PCF_VIOL_CATEGORY","PCF_VIOLATION","PCF_VIOL_SUBSECTION","HIT_AND_RUN","TYPE_OF_COLLISION","MVIW","PED_ACTION","ROAD_SURFACE","ROAD_COND_1","ROAD_COND_2","LIGHTING","CONTROL_DEVICE","CHP_ROAD_TYPE","PEDESTRIAN_ACCIDENT","BICYCLE_ACCIDENT","MOTORCYCLE_ACCIDENT","TRUCK_ACCIDENT","NOT_PRIVATE_PROPERTY","ALCOHOL_INVOLVED","STWD_VEHTYPE_AT_FAULT","CHP_VEHTYPE_AT_FAULT","COUNT_SEVERE_INJ","COUNT_VISIBLE_INJ","COUNT_COMPLAINT_PAIN","COUNT_PED_KILLED","COUNT_PED_INJURED","COUNT_BICYCLIST_KILLED","COUNT_BICYCLIST_INJURED","COUNT_MC_KILLED","COUNT_MC_INJURED","PRIMARY_RAMP","SECONDARY_RAMP","COUNTY","CITY","POINT_X","POINT_Y"
"4327457",2009,2010-06-08,"9370",2009-07-22,"1025","16584",,3,1,5,"0710",0,1,"1",,2,"083","RT 80","HILLTOP RD",1056,"W","N","A","-","Y","CC",4,80,"-","-",5.79,"H","-","W","Y",3,0,2,4,"A","-","07",21658,"A","F","C","C","A","A","H","-","A","D",6,,,,"Y","Y",,"A","07",0,1,1,0,0,0,0,0,0,"-","-","CONTRA COSTA","RICHMOND",-122.31976,37.97255
"4327848",2009,2010-06-08,"9370",2009-07-22,"1850","13964",,3,2,5,"0710",0,1,"1",,2,"082","RT 80","MACDONALD AV",634,"W","N","A","-","Y","CC",4,80,"-","-",2.5,"H","-","E","N",4,0,1,3,"A","-","03",22350,,"N","C","C","A","A","H","-","A","D",6,,,,,"Y",,"A","01",0,0,1,0,0,0,0,0,0,"-","-","CONTRA COSTA","RICHMOND",-122.32405,37.93011
"4327904",2009,2010-07-19,"9370",2009-07-13,"0006","19109",,1,3,5,"0710",0,1,"1",,2,"058","RT 580","ERLANDSON ST",1115,"W","N","A","-","Y","CC",4,580,"-","R",2.3,"H","-","W","Y",2,0,1,1,"C","-","18",,,"N","E","I","A","A","H","-","C","D",1,,,,,"Y",,"-","-",1,0,0,0,0,0,0,0,0,"-","-","CONTRA COSTA","RICHMOND",-122.33871,37.92164
"4327932",2009,2010-06-08,"9370",2009-07-18,"1331","19066",,6,1,5,"0710",0,1,"1",,2,"082","RT 80","CENTRAL AV",1056,"E","N","A","-","Y","CC",4,80,"-","-",0.45,"H","-","W","Y",4,0,1,2,"A","-","03",22350,,"N","C","C","A","A","H","-","A","D",6,,,,,"Y",,"A","01",0,0,1,0,0,0,0,0,0,"-","-","CONTRA COSTA","RICHMOND",-122.31308,37.904
"4327935",2009,2010-06-08,"9370",2009-07-02,"0750","19537",,4,1,5,"0710",0,1,"1",,2,"082","RT 80","SAN PABLO DAM RD",275,"W","N","A","-","Y","CC",4,80,"-","-",4.29,"H","-","W","N",4,0,1,5,"A","-","03",22350,,"F","C","C","A","A","H","-","A","D",6,,,,,"Y",,"A","01",0,0,1,0,0,0,0,0,0,"-","-","CONTRA COSTA","RICHMOND",-122.32954,37.95516
"4327938",2009,2010-06-08,"9370",2009-07-16,"1840","18864",,4,2,5,"0710",0,1,"1",,2,"082","RT 80","CARLSON BL",1320,"W","N","A","-","Y","CC",4,80,"-","-",0.75,"H","-","E","Y",4,0,1,4,"A","-","03",22350,,"N","C","C","A","-","A","H","A","D",6,,,,,"Y",,"A","01",0,0,1,0,0,0,0,0,0,"-","-","CONTRA COSTA","RICHMOND",-122.3147,37.90673
"4327951",2009,2010-06-08,"9370",2009-07-02,"0715","16584",,4,1,5,"0710",0,1,"1",,2,"083","RT 80","HILLTOP RD",528,"W","N","B","-","Y","CC",4,80,"-","-",5.89,"H","-","W","N",4,0,1,2,"A","-","03",22350,,"N","C","C","A","A","H","-","A","D",6,,,,,"Y",,"D","22",0,0,1,0,0,0,0,0,0,"-","-","CONTRA COSTA","RICHMOND",-122.31939,37.97365
"4327959",2009,2010-06-08,"9370",2009-07-06,"0910","19537",,1,1,5,"0710",0,1,"1",,2,"082","RT 80","45TH ST",380,"E","N","A","-","Y","CC",4,80,"-","-",2.558,"R","4","E","Y",4,0,1,2,"A","-","03",22350,,"N","C","C","A","A","H","-","A","D",6,,,,,"Y",,"A","01",0,0,1,0,0,0,0,0,0,"-","-","CONTRA COSTA","RICHMOND",-122.32424,37.93036
"4334198",2009,2010-07-15,"9370",2009-07-24,"0540","18965",,5,3,5,"0710",0,1,"1",,2,"058","RT 580","CANAL BL",1895,"W","N","B","-","Y","ALA",4,580,"-","R",4.28,"H","-","W","Y",3,0,1,1,"A","-","08",22107,,"N","E","I","A","A","H","-","B","D",1,,,,,"Y",,"A","01",0,1,0,0,0,0,0,0,0,"-","-","CONTRA COSTA","RICHMOND",-122.37054,37.9273
"4334229",2009,2010-06-08,"9370",2009-07-21,"1605","16584",,2,2,5,"0710",0,1,"1",,2,"082","RT 80","CUTTING BL",1056,,"N","A","-","Y","CC",4,80,"-","-",1.83,"H","-","E","Y",4,0,2,3,"A","-","04",21703,,"N","C","C","A","A","H","-","A","D",6,,,,,"Y",,"A","07",0,0,2,0,0,0,0,0,0,"-","-","CONTRA COSTA","RICHMOND",-122.31927,37.92328
"4341701",2009,2010-07-19,"9370",2009-07-29,"0248","18816",,3,3,5,"0710",0,1,"1",,2,"058","RT 580","ERLANDSON ST",633,"W","N","B","-","Y","CC",4,580,"-","R",2.21,"H","-","W","Y",4,0,1,1,"A","-","08",22107,,"N","E","I","A","A","H","-","D","D",1,,,,,"Y",,"A","01",0,0,1,0,0,0,0,0,0,"-","-","CONTRA COSTA","RICHMOND",-122.33503,37.92109
"4341711",2009,2010-04-21,"9370",2009-07-28,"0005","18878",,2,3,5,"0710",0,1,"1",,2,"083","RT 80","HILLTOP DR",660,"W","N","A","-","Y","CC",4,80,"-","-",5.768,"R","2","E","Y",4,0,1,1,"A","-","01",23152,"A","N","E","I","A","A","H","-","C","D",6,,,,,"Y","Y","A","01",0,0,1,0,0,0,0,0,0,"TO","-","CONTRA COSTA","RICHMOND",-122.3198,37.972
"4341734",2009,2010-06-08,"9370",2009-07-31,"1334","19066",,5,1,5,"0710",0,1,"1",,2,"082","RT 80","SOLANO AV",815,"W","N","A","-","Y","CC",4,80,"-","-",3.26,"H","-","E","Y",4,0,2,4,"A","-","03",22350,,"N","C","C","A","A","H","-","A","D",6,,,,,"Y",,"A","08",0,0,2,0,0,0,0,0,0,"-","-","CONTRA COSTA","RICHMOND",-122.32442,37.94048
"4356949",2009,2010-11-16,"0710",2009-08-10,"1314","348",,1,5,5,"0710",0,0,"0",,0,,"RICHMOND PKWY","GATE 91 MILLS GATE",946,"S","N","A","-","N",,,,,,,,,,"Y",3,0,2,1,"A","-","08",22107,,"N","A","I","A","A","H","-","A","D",0,,,,"Y","Y",,"F","26",0,2,0,0,0,0,0,0,0,"-","-","CONTRA COSTA","RICHMOND",,
"4357079",2009,2010-06-08,"9370",2009-07-11,"1825","19051",,6,2,5,"0710",0,1,"1",,2,"082","RT 80","BARRETT AV",200,"W","N","A","-","Y","CC",4,80,"-","-",2.78,"H","-","W","Y",4,0,1,2,"A","-","07",21658,"A","N","B","C","A","A","H","-","A","D",6,,,,,"Y",,"A","01",0,0,1,0,0,0,0,0,0,"-","-","CONTRA COSTA","RICHMOND",-122.32692,37.93421
"4357083",2009,2010-06-08,"9370",2009-07-09,"2005","19051",,4,2,5,"0710",0,1,"1",,2,"082","RT 80","SOLANO AV",200,"W","N","A","-","Y","CC",4,80,"-","-",3.37,"H","-","E","Y",3,0,2,3,"A","-","01",23152,"A","N","C","C","A","A","H","-","A","D",6,,,,,"Y","Y","A","07",0,2,0,0,0,0,0,0,0,"-","-","CONTRA COSTA","RICHMOND",-122.32388,37.94174
"4358888",2009,2010-03-11,"0710",2009-07-27,"1751","1119",,1,5,5,"0710",0,0,"0",,0,"007","23RD ST","GAYNOR AV",50,"S","N","A","-","N",,,,,,,,,,"N",4,0,1,2,"A","-","03",22350,,"N","C","C","A","A","H","-","A","D",0,,,,,"Y",,"A","01",0,0,1,0,0,0,0,0,0,"-","-","CONTRA COSTA","RICHMOND",-122.34751,37.94422
"4358892",2009,2010-03-11,"0710",2009-07-28,"1505","1324","NORTH",2,5,5,"0710",0,0,"0",,0,"007","SAN PABLO AV","MCBRYDE AV",0,,"Y","A","-","N",,,,,,,,,,"N",4,0,2,3,"A","-","03",22350,,"F","C","C","A","A","H","-","A","A",0,,,,,"Y",,"D","22",0,0,2,0,0,0,0,0,0,"-","-","CONTRA COSTA","RICHMOND",-122.33075,37.94725
"4358904",2009,2010-03-11,"0710",2009-07-31,"2123","1386",,5,5,5,"0710",0,0,"0",,0,"003","CUTTING BL","37TH ST",0,,"Y","A","-","N",,,,,,,,,,"Y",4,0,1,2,"A","-","09",21801,"A","N","D","C","A","A","H","-","C","A",0,,,,,"Y",,"A","01",0,0,1,0,0,0,0,0,0,"-","-","CONTRA COSTA","RICHMOND",-122.3343,37.92537
"4358943",2009,2010-06-08,"0710",2009-07-13,"0646","1242",,1,5,5,"0710",0,0,"0",,0,,"AMADOR ST","RT 80",63,"N","N","A","-","Y","CC",4,80,"-","-",3.286,"R","4","E","Y",2,0,2,1,"A","-","01",23152,"A","N","E","I","A","A","H","-","B","A",0,,,,,"Y",,"A","01",1,1,0,0,0,0,0,0,0,"-","EF","CONTRA COSTA","RICHMOND",-122.32436,37.94061
"4358955",2009,2010-03-11,"0710",2009-07-22,"1755","1407","NORTH",3,5,5,"0710",0,0,"0",,0,"007","SAN PABLO AV","SOLANO AV",15,"N","N","B","-","N",,,,,,,,,,"N",4,0,1,2,"A","-","03",22350,,"N","C","C","A","A","H","-","A","A",0,,,,,"Y",,"-","-",0,0,1,0,0,0,0,0,0,"-","-","CONTRA COSTA","RICHMOND",-122.32829,37.94207
"4359129",2009,2010-04-27,"0710",2009-08-05,"2329","1386",,3,5,5,"0710",0,0,"0",,0,"004","22ND ST","BISSELL AV",210,"N","N","A","-","N",,,,,,,,,,"Y",3,0,1,1,"A","-","01",23152,"A","N","E","I","A","A","H","-","C","D",0,,,,,"Y","Y","A","01",0,1,0,0,0,0,0,0,0,"-","-","CONTRA COSTA","RICHMOND",-122.34861,37.93472
"4359137",2009,2010-04-27,"0710",2009-08-11,"1532","348",,2,5,5,"0710",0,0,"0",,0,,"BARRETT AV","18TH ST",0,,"Y","A","-","N",,,,,,,,,,"Y",4,0,1,2,"A","-","09",21802,"A","N","A","C","A","A","H","-","A","D",0,,,,,"Y",,"-","-",0,0,1,0,0,0,0,0,0,"-","-","CONTRA COSTA","RICHMOND",-122.35252,37.93845
"4359141",2009,2010-04-27,"0710",2009-08-07,"1605","1386",,5,5,5,"0710",0,0,"0",,0,"001","2ND ST","MAINE AV",74,"N","N","A","-","N",,,,,,,,,,"N",3,0,1,2,"A","-","09",21804,"A","N","D","G","A","A","H","-","A","D",0,,"Y",,,"Y","Y","L","04",0,1,0,0,0,0,1,0,0,"-","-","CONTRA COSTA","RICHMOND",-122.36799,37.92826
"4359145",2009,2010-04-27,"0710",2009-08-07,"1419","1324",,5,5,5,"0710",0,0,"0",,0,"004","16TH ST","PENNSYLVANIA AV",265,"S","N","A","-","N",,,,,,,,,,"N",3,0,1,2,"A","-","11",21954,"A","N","G","B","D","A","B","-","A","D",0,"Y",,,,"Y",,"N","60",0,1,0,0,1,0,0,0,0,"-","-","CONTRA COSTA","RICHMOND",-122.35471,37.94283
"4359149",2009,2010-07-22,"0710",2009-08-13,"0657","1282","NORTH",4,5,5,"0710",0,0,"0",,0,"008","RICHMOND PKY","ATLAS RD",0,,"Y","A","-","N",,,,,,,,,,"Y",4,0,1,3,"A","-","03",22350,,"N","C","C","A","A","H","-","A","A",0,,,,,"Y",,"-","-",0,0,1,0,0,0,0,0,0,"-","-","CONTRA COSTA","RICHMOND",-122.33642,37.99104
"4359150",2009,2010-07-22,"0710",2009-08-07,"2239","1521",,5,5,5,"0710",0,0,"0",,0,"006","NEVIN AV","B ST",77,"E","N","A","-","N",,,,,,,,,,"Y",4,0,1,2,"A","-","07",21658,"A","N","C","E","A","A","H","-","E","D",0,,,,,"Y","Y","-","-",0,0,1,0,0,0,0,0,0,"-","-","CONTRA COSTA","RICHMOND",-122.37022,37.93684
"4359153",2009,2010-04-27,"0710",2009-08-10,"1400","1494","NORTH",1,5,5,"0710",0,0,"0",,0,"007","LOWELL AV","32ND ST",0,,"Y","A","-","N",,,,,,,,,,"Y",4,0,1,2,"A","-","09",21800,"B","N","D","C","A","A","H","-","A","D",0,,,,,"Y",,"-","-",0,0,1,0,0,0,0,0,0,"-","-","CONTRA COSTA","RICHMOND",-122.33675,37.94922
"4359154",2009,2010-04-27,"0710",2009-08-01,"1441","1477",,6,5,5,"0710",0,0,"0",,0,"007","SAN PABLO AV","SAN PABLO AV",0,,"N","A","-","N",,,,,,,,,,"N",4,0,1,2,"A","-","-",,,"N","H","G","A","A","H","-","A","A",0,,"Y",,,"Y",,"-","-",0,0,1,0,0,0,1,0,0,"-","-","CONTRA COSTA","RICHMOND",,
"4359157",2009,2010-04-27,"0710",2009-08-10,"1427","267","0710",1,5,5,"0710",0,0,"0",,0,"008","HILLTOP MALL RD","KLOSE WY",0,,"N","A","-","N",,,,,,,,,,"N",4,0,2,2,"A","-","09",21801,"A","N","B","C","A","A","H","-","A","D",0,,,,,"Y",,"-","-",0,0,2,0,0,0,0,0,0,"-","-","CONTRA COSTA","RICHMOND",-122.32456,37.98182
"4359161",2009,2010-04-27,"0710",2009-08-13,"1941","1386",,4,5,5,"0710",0,0,"0",,0,,"SAN PABLO AV","LIGHT POLE 02892",9,"S","N","A","-","N",,,,,,,,,,"N",3,0,1,2,"A","-","05",21650,"1","N","D","G","A","A","H","-","A","A",0,,"Y",,,"Y",,"L","04",0,1,0,0,0,0,1,0,0,"-","-","CONTRA COSTA","RICHMOND",,
"4359165",2009,2010-04-27,"0710",2009-08-14,"1537","1386",,5,5,5,"0710",0,0,"0",,0,,"NEVIN AV","11TH ST",0,,"Y","A","-","N",,,,,,,,,,"N",3,0,1,2,"A","-","08",22107,,"N","D","G","A","A","H","-","A","D",0,,"Y",,,"Y",,"A","01",0,1,0,0,0,0,1,0,0,"-","-","CONTRA COSTA","RICHMOND",-122.35904,37.93684
"4359169",2009,2010-04-27,"0710",2009-08-05,"0920","1242",,3,5,5,"0710",0,0,"0",,0,,"37TH ST","BARRETT AV",4,"S","N","A","-","N",,,,,,,,,,"N",4,0,1,2,"A","-","10",21950,"A","N","G","B","B","A","H","-","A","A",0,"Y",,,,"Y",,"A","01",0,0,1,0,1,0,0,0,0,"-","-","CONTRA COSTA","RICHMOND",-122.33368,37.93652
"4359177",2009,2010-04-27,"0710",2009-08-05,"1457","1551","SOUTH",3,5,5,"0710",0,0,"0",,0,"001","CANAL BL","CUTTING BL",102,"N","N","A","-","N",,,,,,,,,,"Y",3,0,2,1,"A","-","-",,,"N","E","I","A","A","H","-","A","D",0,,,,,"Y",,"-","-",0,2,0,0,0,0,0,0,0,"-","-","CONTRA COSTA","RICHMOND",-122.37825,37.92557
"4359189",2009,2010-04-27,"0710",2009-08-15,"1432","1549",,6,5,5,"0710",0,0,"0",,0,"007","23RD ST","ESMOND AV",67,"S","N","A","-","N",,,,,,,,,,"Y",4,0,1,2,"A","-","05",21460,,"N","A","C","A","A","H","-","A","D",0,,,,,"Y",,"-","-",0,0,1,0,0,0,0,0,0,"-","-","CONTRA COSTA","RICHMOND",-122.34751,37.94495
"4362701",2009,2010-07-01,"9370",2009-08-11,"1940","018878",,2,2,5,"0710",0,1,"1",,2,"083","RT 80","HILLTOP DR",1200,"W","N","B","-","Y","CC",4,80,"-","-",5.75,"H","-","E","Y",3,0,1,2,"A","-","07",21658,"A","F","B","C","A","A","H","-","B","D",6,,,"Y",,"Y",,"A","01",0,1,0,0,0,0,0,0,1,"-","-","CONTRA COSTA","RICHMOND",-122.31983,37.97191
"4362710",2009,2010-07-01,"9370",2009-08-04,"1540","018753",,2,2,5,"0710",0,1,"1",,2,"082","RT 80","POTRERO AV",1056,"W","N","A","-","Y","CC",4,80,"-","-",1.47,"H","-","E","Y",3,0,1,2,"A","-","03",22350,,"N","C","C","A","A","H","-","A","D",6,,,"Y",,"Y",,"C","02",0,1,0,0,0,0,0,0,1,"-","-","CONTRA COSTA","RICHMOND",-122.31737,37.91683
"4370875",2009,2010-07-01,"9370",2009-08-06,"1850","19059",,4,2,5,"0710",0,1,"1",,2,"082","RT 80","BARRETT AV",528,"E","N","A","-","Y","CC",4,80,"-","-",2.95,"H","-","W","N",4,0,1,2,"A","-","07",21658,"A","N","B","C","A","A","H","-","A","D",6,,,,,"Y",,"A","01",0,0,1,0,0,0,0,0,0,"-","-","CONTRA COSTA","RICHMOND",-122.32614,37.93749
"4378156",2009,2010-07-22,"9370",2009-08-11,"1940","13964",,2,2,5,"0710",0,1,"1",,2,"058","RT 580","GARRARD BL",35,"W","N","A","-","Y","CC",4,580,"-","R",4.86,"H","-","W","Y",3,0,4,3,"A","-","03",22350,,"N","C","C","A","A","H","-","B","D",1,,,,,"Y",,"A","01",0,2,2,0,0,0,0,0,0,"-","-","CONTRA COSTA","RICHMOND",-122.38013,37.9275
"4392034",2009,2010-02-23,"0710",2009-12-27,"1430","1119",,7,5,5,"0710",0,0,"0",,0,"007","24TH ST","MACDONALD AV",155,"N","N","A","-","N",,,,,,,,,,"Y",1,1,0,2,"A","-","11",21955,,"N","G","B","D","A","H","-","A","D",0,"Y",,,,"Y","Y","N","60",0,0,0,1,0,0,0,0,0,"-","-","CONTRA COSTA","RICHMOND",-122.34629,37.93601
"4392064",2009,2010-03-03,"9370",2009-12-29,"0059","018837",,2,3,5,"0710",0,1,"1",,2,"058","RT 580","MARINA BAY PKY",1113,"W","N","A","-","Y","CC",4,580,"-","R",2.68,"H","-","W","Y",1,1,0,2,"A","-","01",23152,"A","N","A","C","A","A","H","-","C","D",1,,,,"Y","Y","Y","A","07",0,0,0,0,0,0,0,0,0,"-","-","CONTRA COSTA","RICHMOND",-122.34293,37.9218
"4392747",2009,2010-05-22,"0710",2009-09-03,"1345","1324",,4,5,5,"0710",0,0,"0",,0,"007","SAN PABLO AV","BARRETT AV",131,"S","N","A","-","N",,,,,,,,,,"N",4,0,1,2,"A","-","07",21658,"A","N","B","C","A","A","H","-","A","D",0,,,,,"Y",,"A","07",0,0,1,0,0,0,0,0,0,"-","-","CONTRA COSTA","RICHMOND",-122.32499,37.93499
"4393873",2009,2010-10-01,"0710",2009-08-30,"0130","1484",,7,5,5,"0710",0,0,"0",,0,"003","CARLSON BL","RT 80",0,,"Y","A","-","Y","CC",4,80,"-","-",1.187,"R","4","W","Y",4,0,1,1,"A","-","08",22107,,"N","E","I","A","A","H","-","C","D",0,,,,,"Y",,"-","-",0,0,1,0,0,0,0,0,0,"-","-","CONTRA COSTA","RICHMOND",-122.31758,37.91445
"4393877",2009,2010-05-12,"0710",2009-08-28,"2322","1472",,5,5,5,"0710",0,0,"0",,0,"003","CUTTING BL","SOUTH 49TH",0,,"Y","A","-","N",,,,,,,,,,"Y",4,0,3,2,"A","-","12",21453,"A","N","D","C","A","A","H","-","C","A",0,,,,,"Y",,"A","07",0,0,3,0,0,0,0,0,0,"-","-","CONTRA COSTA","RICHMOND",-122.3236,37.92545
"4393885",2009,2010-05-12,"0710",2009-08-25,"1430","1324","SOUTH",2,5,5,"0710",0,0,"0",,0,"003","CUTTING BL","STEGE AV",70,"E","N","A","-","N",,,,,,,,,,"N",4,0,2,2,"A","-","04",21703,,"N","C","C","A","A","H","-","A","D",0,,,,,"Y",,"A","01",0,0,2,0,0,0,0,0,0,"-","-","CONTRA COSTA","RICHMOND",-122.33679,37.92532
"4393889",2009,2010-09-23,"0710",2009-08-25,"1844","1386",,2,5,5,"0710",0,0,"0",,0,"002","MARINA BAY PKY","RT 580",0,,"Y","A","-","Y","CC",4,580,"-","R",2.728,"R","4","W","Y",4,0,2,2,"A","-","12",21453,"A","N","D","C","A","A","H","-","B","A",0,,,,,"Y",,"A","07",0,0,2,0,0,0,0,0,0,"-","WF","CONTRA COSTA","RICHMOND",-122.34346,37.92182
"4393893",2009,2010-05-12,"0710",2009-08-25,"1650","1119",,2,5,5,"0710",0,0,"0",,0,"004","22ND ST","NEVIN AV",40,"N","N","A","-","N",,,,,,,,,,"Y",3,0,1,3,"A","-","03",22350,,"N","C","C","A","A","H","-","A","A",0,,,,,"Y",,"A","07",0,1,0,0,0,0,0,0,0,"-","-","CONTRA COSTA","RICHMOND",-122.3486,37.93698
"4394163",2009,2010-05-13,"0710",2009-08-31,"1740","348",,1,5,5,"0710",0,0,"0",,0,,"HELLINGS AV","RUMRILL AV",100,"E","N","A","-","N",,,,,,,,,,"N",3,0,1,2,"A","-","10",21950,"A","F","D","B","C","A","H","-","A","D",0,"Y",,,,"Y","Y","-","-",0,1,0,0,1,0,0,0,0,"-","-","CONTRA COSTA","RICHMOND",,
"4394167",2009,2010-07-21,"0710",2009-08-31,"1233","348",,1,5,5,"0710",0,0,"0",,0,,"CUTTING BL","31ST ST",0,,"Y","A","-","N",,,,,,,,,,"Y",4,0,1,2,"A","-","09",21801,"A","N","D","C","A","A","A","-","A","A",0,,,,,"Y",,"A","01",0,0,1,0,0,0,0,0,0,"-","-","CONTRA COSTA","RICHMOND",-122.33952,37.92511
"4394171",2009,2010-05-13,"0710",2009-08-26,"1903","1386",,3,5,5,"0710",0,0,"0",,0,,"SAN PABLO AV","ANDRADE AV",0,,"Y","A","-","N",,,,,,,,,,"N",4,0,1,2,"A","-","09",21802,"A","N","B","C","A","A","H","-","B","D",0,,,,,"Y",,"A","01",0,0,1,0,0,0,0,0,0,"-","-","CONTRA COSTA","RICHMOND",-122.33104,37.94784
"4394179",2009,2010-05-13,"0710",2009-08-31,"1414","267",,1,5,5,"0710",0,0,"0",,0,"008","PRIVATE RD","HILLTOP MALL RD",248,"E","N","A","-","N",,,,,,,,,,"N",3,0,1,1,"A","-","05",21650,,"N","E","I","A","A","H","-","A","D",0,,,,,"Y",,"-","-",0,1,0,0,0,0,0,0,0,"-","-","CONTRA COSTA","RICHMOND",,
"4394191",2009,2010-05-19,"0710",2009-08-18,"1531","348",,2,5,5,"0710",0,0,"0",,0,,"MARINA WY SOUTH","HALL AV",0,,"Y","A","-","N",,,,,,,,,,"Y",4,0,3,2,"A","-","09",21801,"A","N","A","C","A","A","H","-","A","A",0,,,,,"Y",,"-","-",0,0,3,0,0,0,0,0,0,"-","-","CONTRA COSTA","RICHMOND",-122.35596,37.91377
"4394199",2009,2010-05-13,"0710",2009-08-18,"1628","1119",,2,5,5,"0710",0,0,"0",,0,"001","REGATTA BL","MARINA WY S",90,"E","N","A","-","N",,,,,,,,,,"Y",4,0,2,1,"A","-","03",22350,,"N","E","I","A","A","H","-","A","D",0,,,,,"Y",,"A","08",0,0,2,0,0,0,0,0,0,"-","-","CONTRA COSTA","RICHMOND",-122.35568,37.91742
"4394203",2009,2010-05-13,"0710",2009-08-19,"1730","1518","CENTR",3,5,5,"0710",0,0,"0",,0,"003","HARBOR WY","BARRETT AV",0,,"Y","A","-","N",,,,,,,,,,"N",4,0,1,2,"A","-","04",21703,,"N","C","C","A","A","H","-","A","D",0,,,,,"Y",,"A","01",0,0,1,0,0,0,0,0,0,"-","-","CONTRA COSTA","RICHMOND",-122.36001,37.93836
"4394230",2009,2010-05-14,"0710",2009-08-31,"0606","1496",,1,5,5,"0710",0,0,"0",,0,"008","RICHMOND PKY","LIGHT POLE 11871",84,"S","N","B","-","N",,,,,,,,,,"Y",4,0,1,3,"A","-","03",22350,,"N","C","C","A","A","C","-","B","D",0,,,,,"Y",,"-","-",0,0,1,0,0,0,0,0,0,"-","-","CONTRA COSTA","RICHMOND",,
"4394323",2009,2010-05-24,"0710",2009-09-04,"1210","1324","SOUTH",5,5,5,"0710",0,0,"0",,0,"003","CARLSON BL","55TH ST",251,"S","N","A","-","N",,,,,,,,,,"Y",3,0,2,2,"A","-","09",21801,"A","N","B","C","A","A","H","-","A","D",0,,,"Y",,"Y",,"A","01",0,1,1,0,0,0,0,0,1,"-","-","CONTRA COSTA","RICHMOND",-122.31796,37.91127
"4394331",2009,2010-05-24,"0710",2009-09-08,"0730","1324","CENTR",2,5,5,"0710",0,0,"0",,0,"005","1ST ST","MACDONALD AV",0,,"Y","A","-","N",,,,,,,,,,"N",3,0,1,2,"A","-","10",21950,"A","N","G","B","B","A","H","-","A","D",0,"Y",,,,"Y",,"A","01",0,1,0,0,1,0,0,0,0,"-","-","CONTRA COSTA","RICHMOND",-122.3687,37.93572
"4394335",2009,2010-05-24,"0710",2009-09-08,"1515","1386",,2,5,5,"0710",0,0,"0",,0,"001","GARRARD BL","OHIO AV",40,"N","N","A","-","N",,,,,,,,,,"Y",4,0,2,2,"A","-","03",22350,,"N","C","C","A","A","H","-","A","A",0,,,,,"Y",,"A","01",0,0,2,0,0,0,0,0,0,"-","-","CONTRA COSTA","RICHMOND",-122.37852,37.93093
"4395975",2009,2010-05-21,"0710",2009-09-03,"1722","1545",,4,5,5,"0710",0,0,"0",,0,"002","HARBOUR DR","VIRGINIA",0,,"Y","A","-","N",,,,,,,,,,"N",4,0,1,2,"A","-","09",21801,"A","N","B","G","A","A","H","-","A","D",0,,"Y",,,"Y",,"-","-",0,0,1,0,0,0,1,0,0,"-","-","CONTRA COSTA","RICHMOND",-122.36009,37.92664
"4395979",2009,2010-05-21,"0710",2009-09-01,"1134","1119",,2,5,5,"0710",0,0,"0",,0,"008","ROBERT H MILLER","HILLTOP DR",0,,"Y","A","-","N",,,,,,,,,,"Y",4,0,2,2,"A","-","12",21453,"A","N","D","C","A","A","H","-","A","A",0,,,,,"Y",,"-","-",0,0,2,0,0,0,0,0,0,"-","-","CONTRA COSTA","RICHMOND",-122.33314,37.97837
"4395983",2009,2010-05-21,"0710",2009-09-01,"1421","1119",,2,5,5,"0710",0,0,"0",,0,"007","SAN PABLO AV","NEVIN AV",223,"N","N","A","-","N",,,,,,,,,,"N",4,0,1,2,"A","-","09",21804,"A","N","B","C","A","A","H","-","A","D",0,,,,,"Y",,"D","22",0,0,1,0,0,0,0,0,0,"-","-","CONTRA COSTA","RICHMOND",-122.32461,37.93421
"4396090",2009,2010-03-10,"0710",2009-07-04,"2250","1521","0710",6,5,5,"0710",0,0,"0",,0,"005","HARBOUR WAY","BARRETT AV",20,"N","N","A","-","N",,,,,,,,,,"Y",3,0,1,2,"A","-","09",21804,,"F","B","C","A","A","H","-","D","A",0,,,,,"Y","Y","-","-",0,1,0,0,0,0,0,0,0,"-","-","CONTRA COSTA","RICHMOND",-122.36002,37.93842