"CASE_ID","ACCIDENT_YEAR","PROC_DATE","JURIS","COLLISION_DATE","COLLISION_TIME","OFFICER_ID","REPORTING_DISTRICT","DAY_OF_WEEK","CHP_SHIFT","POPULATION","CNTY_CITY_LOC","SPECIAL_COND","BEAT_TYPE","CHP_BEAT_TYPE","CITY_DIVISION_LAPD","CHP_BEAT_CLASS","BEAT_NUMBER","PRIMARY_RD","SECONDARY_RD","DISTANCE","DIRECTION","INTERSECTION","WEATHER_1","WEATHER_2","STATE_HWY_IND","CALTRANS_COUNTY","CALTRANS_DISTRICT","STATE_ROUTE","ROUTE_SUFFIX","POSTMILE_PREFIX","POSTMILE","LOCATION_TYPE","RAMP_INTERSECTION","SIDE_OF_HWY","TOW_AWAY","COLLISION_SEVERITY","NUMBER_KILLED","NUMBER_INJURED","PARTY_COUNT","PRIMARY_COLL_FACTOR","PCF_CODE_OF_VIOL","PCF_VIOL_CATEGORY","PCF_VIOLATION","PCF_VIOL_SUBSECTION","HIT_AND_RUN","TYPE_OF_COLLISION","MVIW","PED_ACTION","ROAD_SURFACE","ROAD_COND_1","ROAD_COND_2","LIGHTING","CONTROL_DEVICE","CHP_ROAD_TYPE","PEDESTRIAN_ACCIDENT","BICYCLE_ACCIDENT","MOTORCYCLE_ACCIDENT","TRUCK_ACCIDENT","NOT_PRIVATE_PROPERTY","ALCOHOL_INVOLVED","STWD_VEHTYPE_AT_FAULT","CHP_VEHTYPE_AT_FAULT","COUNT_SEVERE_INJ","COUNT_VISIBLE_INJ","COUNT_COMPLAINT_PAIN","COUNT_PED_KILLED","COUNT_PED_INJURED","COUNT_BICYCLIST_KILLED","COUNT_BICYCLIST_INJURED","COUNT_MC_KILLED","COUNT_MC_INJURED","PRIMARY_RAMP","SECONDARY_RAMP","COUNTY","CITY","POINT_X","POINT_Y"
"6994256",2015,2015-07-30,"0710",2015-06-21,"2316","1687","CENTR",7,5,5,"0710",0,0,"0",,0,"005","5TH ST","BARRETT AV",90,"N","N","A","-","N",,,,,,,,,,"N",4,0,1,2,"A","-","03",22350,,"N","B","E","A","A","H","-","C","A",0,,,,,"Y",,"A","01",0,0,1,0,0,0,0,0,0,"-","-","CONTRA COSTA","RICHMOND",-122.3647,37.93868
"6993628",2015,2017-01-11,"9370",2015-07-14,"1635","19695",,2,2,5,"0710",0,1,"1",,2,"082","RT 80","POTRERO AV",500,"W","N","A","-","Y","CC",4,80,"-","-",1.58,"H","-","E","Y",3,0,1,3,"A","-","07",21658,"A","N","B","C","A","A","H","-","A","D",6,,,"Y",,"Y",,"-","99",0,1,0,0,0,0,0,0,1,"-","-","CONTRA COSTA","RICHMOND",-122.31735,37.91932
"6993273",2015,2017-01-11,"9370",2015-07-16,"1643","20258",,4,2,5,"0710",0,1,"1",,2,"083","RT 80","EL PORTAL DR",1214,"W","N","A","-","Y","CC",4,80,"-","-",5.02,"H","-","E","Y",4,0,2,2,"A","-","07",21658,"A","N","C","C","A","A","H","-","A","D",6,,,"Y",,"Y",,"A","01",0,0,2,0,0,0,0,0,1,"-","-","CONTRA COSTA","RICHMOND",-122.32591,37.9642
"6993102",2015,2015-08-01,"0710",2015-06-30,"1656","1524",,2,5,5,"0710",0,0,"0",,0,"007","24TH ST","WENDELL AV",0,,"Y","A","-","N",,,,,,,,,,"Y",4,0,2,2,"A","-","09",21800,"A","N","D","C","A","A","H","-","A","D",0,,,,,"Y",,"A","01",0,0,2,0,0,0,0,0,0,"-","-","CONTRA COSTA","RICHMOND",-122.34544,37.94558
"6990930",2015,2015-08-04,"0710",2015-04-20,"1915","1505","SOUTH",1,5,5,"0710",0,0,"0",,0,"003","CARLSON BL","CUTTING BL",0,,"Y","A","-","N",,,,,,,,,,"N",3,0,2,2,"A","-","12",21453,"A","N","D","G","A","A","H","-","A","A",0,,"Y","Y",,"Y",,"L","04",0,2,0,0,0,0,1,0,1,"-","-","CONTRA COSTA","RICHMOND",-122.33812,37.92521
"6989578",2015,2015-07-28,"0710",2015-06-25,"1500","1274","NORTH",4,5,5,"0710",0,0,"0",,0,"008","SAN PABLO AV","HILLTOP DR",90,"S","N","A","-","N",,,,,,,,,,"Y",4,0,1,2,"A","-","03",22350,,"N","C","C","A","A","H","-","A","A",0,,,,,"Y",,"A","01",0,0,1,0,0,0,0,0,0,"-","-","CONTRA COSTA","RICHMOND",-122.33552,37.98571
"6985031",2015,2015-07-22,"0710",2015-06-18,"0802","1494","NORTH",4,5,5,"0710",0,0,"0",,0,"008","HILLTOP DR","RICHMOND PKWY",0,"E","N","A","B","N",,,,,,,,,,"N",4,0,1,4,"A","-","03",22350,,"M","D","C","A","A","H","-","A","A",0,,,,,"Y",,"D","22",0,0,1,0,0,0,0,0,0,"-","-","CONTRA COSTA","RICHMOND",-122.33973,37.98724
"6981431",2015,2017-01-07,"9370",2015-06-24,"1545","14952",,3,2,5,"0710",0,1,"1",,2,"083","RT 80","EL PORTAL DR",950,"W","N","A","-","Y","CC",4,80,"-","-",5.07,"H","-","E","Y",4,0,1,1,"A","-","08",22107,,"N","-","-","A","A","H","-","A","D",6,,,,,"Y",,"A","01",0,0,1,0,0,0,0,0,0,"-","-","CONTRA COSTA","RICHMOND",-122.32529,37.96462
"6981427",2015,2017-01-07,"9370",2015-06-22,"1655","018579",,1,2,5,"0710",0,1,"1",,2,"082","RT 80","MACDONALD AV",324,"W","N","A","-","Y","CC",4,80,"-","-",2.56,"H","-","E","N",4,0,1,2,"A","-","03",22350,,"N","C","C","A","A","H","-","A","D",6,,,,,"Y",,"A","01",0,0,1,0,0,0,0,0,0,"-","-","CONTRA COSTA","RICHMOND",-122.32518,37.93167
"6981177",2015,2017-01-07,"9370",2015-06-26,"1630","20425",,5,2,5,"0710",0,1,"1",,2,"083","RT80","SAN PABLO AV",1690,"W","N","A","-","Y","CC",4,80,"-","-",2.65,"H","-","E","N",4,0,1,2,"A","-","03",22350,,"N","C","C","A","A","H","-","A","D",6,,,,,"Y",,"A","07",0,0,1,0,0,0,0,0,0,"-","-","CONTRA COSTA","RICHMOND",-122.32597,37.93279
"6977271",2015,2015-10-24,"0710",2015-05-25,"1454","1658","NORTH",1,5,5,"0710",0,0,"0",,0,"007","NEVIN AV","31ST ST",0,,"Y","A","-","N",,,,,,,,,,"Y",4,0,1,2,"A","-","12",22450,"A","N","D","C","A","A","H","-","A","A",0,,,,,"Y",,"-","-",0,0,1,0,0,0,0,0,0,"-","-","CONTRA COSTA","RICHMOND",-122.33926,37.93571
"6976933",2014,2015-07-08,"0710",2014-10-27,"1535","1505","CENTR",1,5,5,"0710",0,0,"0",,0,"005","MARKET AV","RUMRILL BL",600,"W","N","A","-","N",,,,,,,,,,"N",3,0,1,2,"A","-","08",22107,,"F","B","G","A","A","H","-","A","D",0,,"Y",,,"Y",,"A","01",0,1,0,0,0,0,1,0,0,"-","-","CONTRA COSTA","RICHMOND",-122.35874,37.95866
"6968859",2015,2017-01-07,"9370",2015-06-07,"2100","020279",,7,2,5,"0710",0,1,"1",,2,"083","RT 80","EL PORTAL DR",500,"W","N","A","-","Y","CC",4,80,"-","-",5.15,"H","-","W","Y",3,0,2,2,"A","-","01",23152,"A","F","B","C","A","A","G","-","B","D",6,,,,,"Y","Y","A","01",0,1,1,0,0,0,0,0,0,"-","-","CONTRA COSTA","RICHMOND",-122.32433,37.96511
"6965805",2015,2017-01-14,"9350",2015-06-06,"1206","018797",,6,1,5,"0710",0,1,"1",,2,"115","RT 580","RICHMOND BR TP",1056,"W","N","A","-","Y","CC",4,580,"-","-",6.33,"H","-","W","N",4,0,1,2,"A","-","03",22350,,"N","C","C","A","A","H","-","A","D",1,,,,,"Y",,"A","01",0,0,1,0,0,0,0,0,0,"-","-","CONTRA COSTA","RICHMOND",-122.4071,37.9326
"6965574",2015,2015-07-22,"0710",2015-06-01,"2135","1402",,1,5,5,"0710",0,0,"0",,0,"008","BLUME DR","HILLTOP DR",129,"N","N","A","-","N",,,,,,,,,,"Y",4,0,4,2,"A","-","07",21658,"A","N","D","C","A","A","H","-","C","A",0,,,,,"Y",,"-",,0,0,4,0,0,0,0,0,0,"-","-","CONTRA COSTA","RICHMOND",-122.32427,37.97718
"6965566",2015,2015-07-14,"0710",2015-06-07,"1032","1398",,7,5,5,"0710",0,0,"0",,0,"002","OHIO AV","S 12TH ST",0,,"Y","A","-","N",,,,,,,,,,"N",3,0,1,2,"A","-","00",21804,"D","N","D","C","A","A","H","-","-","A",0,,,,,"Y",,"-",,0,1,0,0,0,0,0,0,0,"-","-","CONTRA COSTA","RICHMOND",-122.358,37.93076
"6965562",2015,2015-07-14,"0710",2015-06-04,"2214","1524",,4,5,5,"0710",0,0,"0",,0,"002","CUTTING BL","S 22ND ST",0,,"Y","A","-","N",,,,,,,,,,"Y",4,0,4,2,"A","-","01",23152,"A","N","D","C","A","A","H","-","C","A",0,,,,,"Y","Y","A","01",0,0,4,0,0,0,0,0,0,"-","-","CONTRA COSTA","RICHMOND",-122.34857,37.9252
"6965558",2015,2015-08-05,"0710",2015-06-03,"1745","1662","0710",3,5,5,"0710",0,0,"0",,0,"008","HILLTOP MALL RD","ROBERT H MILLER DR",33,"E","N","A","-","N",,,,,,,,,,"Y",3,0,1,2,"A","-","09",21801,"A","N","D","C","A","A","H","-","A","A",0,,,,,"Y","Y","A","01",0,1,0,0,0,0,0,0,0,"-","-","CONTRA COSTA","RICHMOND",,
"6965554",2015,2015-07-14,"0710",2015-06-03,"2330","1315","SOUTH",3,5,5,"0710",0,0,"0",,0,"002","HOFFMAN BL","MARINA WAY SOUTH",80,"E","N","A","-","N",,,,,,,,,,"N",3,0,1,2,"A","-","08",22107,,"F","C","G","A","A","H","-","C","D",0,,"Y",,,"Y",,"-","99",0,1,0,0,0,0,1,0,0,"-","-","CONTRA COSTA","RICHMOND",-122.35559,37.92256
"6965376",2015,2015-07-03,"0710",2015-05-29,"1741","1524","NORTH",5,5,5,"0710",0,0,"0",,0,"008","HILLTOP MALL RD","KLOSE WY",0,,"Y","A","-","N",,,,,,,,,,"Y",4,0,3,2,"A","-","09",21801,"A","N","A","C","A","A","H","-","A","A",0,,,,,"Y",,"A","01",0,0,3,0,0,0,0,0,0,"-","-","CONTRA COSTA","RICHMOND",-122.32458,37.9818
"6965372",2015,2015-07-03,"0710",2015-05-31,"0539","1652","NORTH",7,5,5,"0710",0,0,"0",,0,"007","MCBRYDE AV","24TH ST",147,"E","N","A","-","N",,,,,,,,,,"Y",4,0,1,3,"A","-","08",22107,,"N","A","E","A","A","H","-","B","D",0,,,,,"Y","Y","A","01",0,0,1,0,0,0,0,0,0,"-","-","CONTRA COSTA","RICHMOND",-122.34481,37.94703
"6964382",2015,2017-01-07,"9370",2015-06-03,"0715","019469",,3,1,5,"0710",0,1,"1",,2,"083","RT 80","HILLTOP DR",250,"W","N","A","-","Y","CC",4,80,"-","-",5.94,"H","-","W","Y",4,0,1,2,"A","-","03",22350,,"N","C","C","A","A","H","-","A","D",6,,,"Y",,"Y",,"C","02",0,0,1,0,0,0,0,0,1,"-","-","CONTRA COSTA","RICHMOND",-122.31867,37.97556
"6960186",2015,2017-01-07,"9370",2015-06-03,"0926","19695",,3,1,5,"0710",0,1,"1",,2,"082","RT 80","CUTTING BL",700,"E","N","A","-","Y","CC",4,80,"-","-",2.22,"H","-","W","Y",4,0,1,1,"A","-","08",22107,,"N","E","I","A","A","H","-","A","D",6,,,,,"Y",,"A","01",0,0,1,0,0,0,0,0,0,"-","-","CONTRA COSTA","RICHMOND",-122.32253,37.92746
"6959201",2015,2015-07-07,"0710",2015-05-28,"1845","1662","710",4,5,5,"0710",0,0,"0",,0,"007","23RD ST","GRANT AV",2,"S","N","B","-","N",,,,,,,,,,"Y",4,0,1,2,"A","-","09",21804,"A","N","D","C","A","A","H","-","A","A",0,,,,,"Y",,"A","07",0,0,1,0,0,0,0,0,0,"-","-","CONTRA COSTA","RICHMOND",-122.34749,37.94147
"6959104",2015,2015-07-07,"0710",2015-05-23,"1758","1662","710",6,5,5,"0710",0,0,"0",,0,"003","S 37TH ST","CARLSON BL",25,"E","N","A","-","N",,,,,,,,,,"Y",4,0,1,2,"A","-","01",23152,,"N","D","C","A","A","H","-","A","A",0,,,,,"Y",,"A","01",0,0,1,0,0,0,0,0,0,"-","-","CONTRA COSTA","RICHMOND",-122.33457,37.92266
"6958328",2015,2017-01-14,"9350",2015-06-11,"0805","019150",,4,1,5,"0710",0,1,"1",,2,"115","RT 580","RICHMOND SAN RAFAEL BRIDGE EAST END",5280,"W","N","A","-","Y","CC",4,580,"-","-",0.722,"H","-","W","Y",4,0,2,2,"A","-","03",22350,,"N","C","C","A","A","H","-","A","D",4,,,,,"Y",,"A","01",0,0,2,0,0,0,0,0,0,"-","-","CONTRA COSTA","RICHMOND",-122.31881,37.90599
"6957209",2015,2017-01-14,"9370",2015-06-05,"0820","20961",,5,1,5,"0710",0,1,"1",,2,"058","RT 580","HARBOUR WY S",740,"E","N","A","-","Y","CC",4,580,"-","R",3.46,"H","-","W","Y",4,0,1,2,"A","-","07",21658,"A","N","B","C","A","A","H","-","A","D",1,,,,,"Y",,"A","01",0,0,1,0,0,0,0,0,0,"-","-","CONTRA COSTA","RICHMOND",-122.35793,37.92264
"6948901",2015,2017-01-14,"9370",2015-04-25,"0010","20953",,6,3,5,"0710",0,1,"1",,2,"058","RT 580","CENTRAL AV",1250,"E","N","C","-","Y","CC",4,580,"-","-",48.03,"H","-","W","Y",4,0,3,1,"A","-","08",22107,,"M","E","I","A","B","H","-","C","D",0,,,,,"Y",,"A","01",0,0,3,0,0,0,0,0,0,"-","-","CONTRA COSTA","RICHMOND",-122.31137,37.89698
"6946501",2015,2017-01-07,"9370",2015-06-08,"1528","019866",,1,2,5,"0710",0,1,"1",,2,"082","RT 80","CARLSON BL",2112,"W","N","A","-","Y","CC",4,80,"-","-",0.6,"H","-","E","N",4,0,2,2,"A","-","07",21658,"A","N","B","C","A","A","H","-","A","D",6,,,,,"Y",,"A","01",0,0,2,0,0,0,0,0,0,"-","-","CONTRA COSTA","RICHMOND",-122.31393,37.90558
"6946053",2015,2017-01-14,"9350",2015-05-24,"1150","019150",,7,1,5,"0710",0,1,"1",,2,"115","RT 580","RICHMOND SAN RAFAEL TP",2112,"W","N","A","-","Y","CC",4,580,"-","-",6.53,"H","-","W","Y",4,0,1,4,"A","-","03",22350,,"N","C","C","A","A","H","-","A","D",1,,,,,"Y",,"A","01",0,0,1,0,0,0,0,0,0,"-","-","CONTRA COSTA","RICHMOND",-122.41077,37.93284
"6945649",2015,2015-06-22,"0710",2015-05-21,"2010","1662","0710",4,5,5,"0710",0,0,"0",,0,"002","VIRGINIA AV","S 18TH ST",0,,"Y","B","-","N",,,,,,,,,,"N",4,0,3,2,"A","-","09",21803,"A","N","D","C","A","A","H","-","C","A",0,,,,,"Y",,"A","07",0,0,3,0,0,0,0,0,0,"-","-","CONTRA COSTA","RICHMOND",-122.35214,37.92659
"6945645",2015,2015-06-22,"0710",2015-05-11,"1952","1667","BAY",1,5,5,"0710",0,0,"0",,0,"004","LINCOLN AV","15TH ST",0,,"Y","A","-","N",,,,,,,,,,"Y",4,0,1,2,"A","-","12",22450,"A","N","D","C","A","A","H","-","B","A",0,,,"Y",,"Y",,"C","03",0,0,1,0,0,0,0,0,1,"-","-","CONTRA COSTA","RICHMOND",-122.35553,37.94595
"6945637",2015,2015-06-22,"0710",2015-05-20,"0108","1662","0710",3,5,5,"0710",0,0,"0",,0,"007","BARRETT AV","23RD ST",0,,"Y","A","-","N",,,,,,,,,,"Y",4,0,2,2,"A","-","12",21453,"A","N","D","C","A","A","H","-","C","A",0,,,,,"Y",,"A","01",0,0,2,0,0,0,0,0,0,"-","-","CONTRA COSTA","RICHMOND",-122.34753,37.93844
"6945605",2015,2015-06-22,"0710",2015-05-05,"2033","1687","CENTR",2,5,5,"0710",0,0,"0",,0,"006","CHANSLOR AV","16TH ST",39,"E","N","A","-","N",,,,,,,,,,"Y",4,0,1,4,"A","-","17",21663,,"M","D","B","F","A","H","-","C","A",0,"Y",,,,"Y",,"A","07",0,0,1,0,1,0,0,0,0,"-","-","CONTRA COSTA","RICHMOND",-122.35411,37.93245
"6943994",2015,2015-06-09,"0710",2015-04-18,"1158","1242","NORTH",6,5,5,"0710",0,0,"0",,0,"007","SOLANO AV","YUBA ST",120,"E","N","A","-","N",,,,,,,,,,"Y",3,0,1,1,"A","-","05",21650,,"N","E","I","A","A","H","-","A","D",0,,,,,"Y",,"A","01",0,1,0,0,0,0,0,0,0,"-","-","CONTRA COSTA","RICHMOND",-122.3209,37.94436
"6943929",2015,2015-06-17,"0710",2015-04-12,"1026","1645","NORTH",7,5,5,"0710",0,0,"0",,0,"007","BARRETT AV","37TH ST",0,,"Y","A","-","N",,,,,,,,,,"Y",2,0,1,4,"A","-","12",21453,"A","N","A","C","A","A","H","-","A","A",0,,,,,"Y",,"-",,1,0,0,0,0,0,0,0,0,"-","-","CONTRA COSTA","RICHMOND",-122.33362,37.93655
"6943925",2015,2015-06-10,"0710",2015-04-15,"1009","1645","NORTH",3,5,5,"0710",0,0,"0",,0,"007","BISSELL AV","37TH ST",0,,"Y","A","-","N",,,,,,,,,,"Y",4,0,1,2,"A","-","09",21802,"A","N","D","C","A","B","H","-","A","A",0,,,,,"Y",,"-",,0,0,1,0,0,0,0,0,0,"-","-","CONTRA COSTA","RICHMOND",-122.33442,37.93309
"6943921",2015,2015-06-10,"0710",2015-04-20,"1743","1494","NORTH",1,5,5,"0710",0,0,"0",,0,"007","27TH ST","BARRETT AV",0,,"Y","A","-","N",,,,,,,,,,"Y",3,0,2,2,"A","-","12",21453,"A","N","D","G","A","A","H","-","A","A",0,,"Y",,,"Y",,"L","04",0,2,0,0,0,0,2,0,0,"-","-","CONTRA COSTA","RICHMOND",-122.34229,37.93775
"6942270",2015,2017-01-07,"9370",2015-05-20,"0050","020475",,3,3,5,"0710",0,1,"1",,2,"082","RT 80","MCBRYDE AV",979,"E","N","B","-","Y","CC",4,80,"-","-",3.98,"H","-","W","Y",3,0,1,2,"A","-","03",22350,,"N","E","J","A","A","C","-","D","D",6,,,,,"Y",,"A","01",0,1,0,0,0,0,0,0,0,"-","-","CONTRA COSTA","RICHMOND",-122.32738,37.95118
"6934957",2015,2017-01-14,"9370",2015-06-28,"1305","020630",,7,1,5,"0710",0,1,"1",,2,"058","RT 580","CANAL BL",634,"E","N","A","-","Y","CC",4,580,"-","R",4.52,"H","-","W","Y",4,0,2,3,"A","-","03",22350,,"N","C","C","A","A","H","-","A","D",1,,,,,"Y",,"A","01",0,0,2,0,0,0,0,0,0,"-","-","CONTRA COSTA","RICHMOND",-122.37602,37.92725
"6934937",2015,2017-01-14,"9370",2015-06-13,"1210","020447",,6,1,5,"0710",0,1,"1",,2,"058","RT 580","MARINE ST",45,"W","N","A","-","Y","CC",4,580,"-","R",5.47,"H","-","W","Y",4,0,2,3,"A","-","03",22350,,"N","C","C","A","A","H","-","A","D",1,,,,,"Y",,"A","07",0,0,2,0,0,0,0,0,0,"-","-","CONTRA COSTA","RICHMOND",-122.3921,37.93153
"6934917",2015,2017-01-07,"9370",2015-06-26,"1825","020633",,5,2,5,"0710",0,1,"1",,2,"082","RT80","CARLSON BL",1200,"E","N","A","-","Y","CC",4,80,"-","-",1.25,"H","-","E","N",4,0,1,2,"D","-","00",,,"N","C","C","A","A","H","-","A","D",6,,,,,"Y",,"-","-",0,0,1,0,0,0,0,0,0,"-","-","CONTRA COSTA","RICHMOND",-122.31735,37.91443
"6933163",2015,2015-10-07,"0710",2015-04-27,"2129","1686","NORTH",1,5,5,"0710",0,0,"0",,0,"008","RICHMOND PKWY","PITTSBURG AV",96,"S","N","A","-","N",,,,,,,,,,"Y",4,0,3,3,"A","-","03",22350,,"N","C","C","A","A","H","-","C","A",0,,,,,"Y",,"A","01",0,0,3,0,0,0,0,0,0,"-","-","CONTRA COSTA","RICHMOND",-122.37376,37.96291
"6932525",2015,2015-05-29,"0710",2015-04-23,"1012","1505",,4,5,5,"0710",0,0,"0",,0,,"MACDONALD AV","13TH ST",75,"W","N","A","-","N",,,,,,,,,,"N",4,0,1,2,"A","-","21",22106,,"N","C","C","A","A","H","-","A","D",0,,,,,"Y",,"A","01",0,0,1,0,0,0,0,0,0,"-","-","CONTRA COSTA","RICHMOND",-122.35735,37.9357
"6932522",2015,2015-05-29,"0710",2015-04-17,"1731","1524","CENTR",5,5,5,"0710",0,0,"0",,0,"006","RICHMOND PKWY","W BARRETT AV",154,"S","N","A","-","N",,,,,,,,,,"Y",3,0,2,2,"A","-","03",22350,,"N","A","C","A","A","H","-","A","A",0,,,,,"Y",,"A","01",0,1,1,0,0,0,0,0,0,"-","-","CONTRA COSTA","RICHMOND",-122.3716,37.93831
"6932521",2015,2015-05-29,"0710",2015-04-22,"1746","1662","0710",3,5,5,"0710",0,0,"0",,0,"007","23RD ST","RHEEM AV",0,,"Y","A","-","N",,,,,,,,,,"Y",3,0,2,2,"A","-","01",23153,"B","N","A","C","A","A","H","-","A","A",0,,,,,"Y","Y","A","01",0,2,0,0,0,0,0,0,0,"-","-","CONTRA COSTA","RICHMOND",-122.34745,37.94976
"6932419",2015,2015-07-01,"0710",2015-05-02,"1401","1546","CENTR",6,5,5,"0710",0,0,"0",,0,"006","HARBOUR WY","NEVIN AV",36,"N","N","A","-","N",,,,,,,,,,"N",4,0,1,2,"A","-","03",22350,"A","N","C","C","A","A","H","-","A","A",0,,,,,"Y",,"-",,0,0,1,0,0,0,0,0,0,"-","-","CONTRA COSTA","RICHMOND",-122.36004,37.93692
"6932416",2015,2016-06-15,"0710",2015-05-03,"2222","1364","CENTR",7,5,5,"0710",0,0,"0",,0,"004","BARRETT AV","22ND ST",0,,"Y","A","-","N",,,,,,,,,,"Y",2,0,2,3,"A","-","12",21453,"A","N","D","C","A","A","H","-","C","A",0,,,,,"Y",,"-",,1,0,1,0,0,0,0,0,0,"-","-","CONTRA COSTA","RICHMOND",-122.34856,37.93846
"6932415",2015,2015-06-08,"0710",2015-05-01,"1255","1494","SOUTH",5,5,5,"0710",0,0,"0",,0,"003","CENTRAL AV","RYDIN RD",60,"W","N","A","-","N",,,,,,,,,,"N",3,0,1,2,"A","-","10",21950,"A","N","G","B","B","A","H","-","A","A",0,"Y",,,,"Y",,"A","07",0,1,0,0,1,0,0,0,0,"-","-","CONTRA COSTA","RICHMOND",-122.31691,37.89965
"6932371",2015,2017-01-07,"9370",2015-05-08,"0820","20356",,5,1,5,"0710",0,1,"1",,2,"083","RT80","EL PORTAL DR",1450,"E","N","A","-","Y","CC",4,80,"-","-",5.55,"H","-","W","N",4,0,1,4,"A","-","03",22350,,"N","C","C","A","A","H","-","A","D",6,,,,,"Y",,"A","01",0,0,1,0,0,0,0,0,0,"-","-","CONTRA COSTA","RICHMOND",-122.32063,37.96979
"6925004",2015,2015-06-05,"0710",2015-05-23,"1955","1224",,6,5,5,"0710",0,0,"0",,0,"006","CHANSLOR AV","2ND ST",0,,"Y","A","-","N",,,,,,,,,,"Y",4,0,2,4,"A","-","09",21802,"A","F","D","C","A","A","-","-","A","D",0,,,,,"Y",,"-",,0,0,2,0,0,0,0,0,0,"-","-","CONTRA COSTA","RICHMOND",-122.36765,37.93245
"6925000",2015,2015-06-04,"0710",2015-05-16,"1800","1662","0710",6,5,5,"0710",0,0,"0",,0,"006","BARRETT AV","12TH ST",0,,"Y","A","-","N",,,,,,,,,,"Y",4,0,5,2,"A","-","12",21453,"A","N","A","C","A","A","H","-","A","A",0,,,,,"Y",,"A","01",0,0,5,0,0,0,0,0,0,"-","-","CONTRA COSTA","RICHMOND",-122.35806,37.9385
"6924992",2015,2015-06-04,"0710",2015-05-14,"2348","1662","0710",4,5,5,"0710",0,0,"0",,0,"004","22ND ST","NEVIN AV",0,,"Y","A","-","N",,,,,,,,,,"Y",4,0,4,2,"A","-","12",21457,"A","N","D","C","A","A","H","-","C","A",0,,,,,"Y",,"A","01",0,0,4,0,0,0,0,0,0,"-","-","CONTRA COSTA","RICHMOND",-122.34858,37.93684
"6924988",2015,2017-01-14,"0710",2015-05-10,"1615","1655","SOUTH",7,5,5,"0710",0,0,"0",,0,"001","CANAL BL","RT 580",0,,"Y","A","-","Y","CC",4,580,"-","R",4.504,"R","4","E","Y",4,0,2,2,"A","-","01",23152,"A","N","D","C","A","A","H","-","A","A",0,,,,,"Y",,"-",,0,0,2,0,0,0,0,0,0,"-","-","CONTRA COSTA","RICHMOND",-122.37573,37.92707
"6924371",2015,2015-06-03,"0710",2015-05-11,"1340","1380","CENTR",1,5,5,"0710",0,0,"0",,0,"004","BARRETT AV","22ND ST",0,,"Y","A","-","N",,,,,,,,,,"N",4,0,1,3,"A","-","12",21453,"A","N","D","C","A","A","H","-","A","A",0,,,,,"Y",,"A","01",0,0,1,0,0,0,0,0,0,"-","-","CONTRA COSTA","RICHMOND",-122.34856,37.93846
"6924363",2015,2015-06-03,"0710",2015-05-18,"1414","1380","NORTH",1,5,5,"0710",0,0,"0",,0,"007","SAN PABLO AV","MACDONALD AV",209,"N","N","A","-","N",,,,,,,,,,"Y",3,0,1,3,"A","-","05",21650,,"N","C","E","A","A","H","-","A","D",0,,,,,"Y",,"A","01",0,1,0,0,0,0,0,0,0,"-","-","CONTRA COSTA","RICHMOND",-122.32371,37.93279
"6923915",2015,2015-06-10,"0710",2015-05-01,"1330","1662","0710",5,5,5,"0710",0,0,"0",,0,"002","S 23RD ST","VIRGINIA AV",200,"N","N","A","-","N",,,,,,,,,,"Y",4,0,3,2,"A","-","08",22107,,"N","D","C","A","A","H","-","A","D",0,,,,,"Y",,"A","08",0,0,3,0,0,0,0,0,0,"-","-","CONTRA COSTA","RICHMOND",-122.34768,37.92716
"6923903",2015,2015-09-08,"0710",2015-03-25,"0832","1586",,3,5,5,"0710",0,0,"0",,0,"003","S 39TH ST","CENTER AV",0,,"Y","A","-","N",,,,,,,,,,"Y",4,0,1,2,"A","-","00",22352,"A","N","D","C","A","-","H","-","A","D",0,,,,,"Y",,"D","22",0,0,1,0,0,0,0,0,0,"-","-","CONTRA COSTA","RICHMOND",-122.33283,37.93016
"6923842",2015,2015-06-04,"0710",2015-04-26,"1930","1512","CENTR",7,5,5,"0710",0,0,"0",,0,"006","MACDONALD AV","2ND ST",0,,"Y","A","-","N",,,,,,,,,,"Y",3,0,1,2,"A","-","01",23152,"A","N","-","C","A","A","H","-","C","-",0,,,,,"Y",,"D","22",0,1,0,0,0,0,0,0,0,"-","-","CONTRA COSTA","RICHMOND",-122.36766,37.93572
"6919313",2015,2015-10-08,"0710",2015-09-09,"0404","1703","SOUTH",3,5,5,"0710",0,0,"0",,0,"001","RICHMOND PKWY","W OHIO AV",0,,"Y","A","-","N",,,,,,,,,,"Y",4,0,1,2,"A","-","17",21463,,"N","D","C","A","A","H","-","C","A",0,,,,,"Y",,"-",,0,0,1,0,0,0,0,0,0,"-","-","CONTRA COSTA","RICHMOND",-122.37791,37.93081
"6919309",2015,2015-10-08,"0710",2015-09-21,"0619","1693","CENTR",1,5,5,"0710",0,0,"0",,0,"007","23RD ST","CLINTON AV",172,"S","N","A","-","N",,,,,,,,,,"Y",4,0,1,2,"A","-","08",22107,,"N","D","C","A","A","-","-","A","A",0,,,,,"Y",,"A","01",0,0,1,0,0,0,0,0,0,"-","-","CONTRA COSTA","RICHMOND",-122.34749,37.94175